{
  "content": [
    {
      "path": "ContentInfo/ycab/Thumbnail.jpg",
      "size": 13520,
      "date": 132398657780000000
    },
    {
      "path": "manifest.json",
      "size": 276,
      "date": 132448727054181924
    },
    {
      "path": "scenery/global/scenery/modelLib.BGL",
      "size": 101264,
      "date": 132448713707306710
    },
    {
      "path": "scenery/global/scenery/TEXTURE/AIRPORT_LIGHTS_ALBEDO.PNG.DDS",
      "size": 699192,
      "date": 132436818722737632
    },
    {
      "path": "scenery/global/scenery/TEXTURE/AIRPORT_LIGHTS_ALBEDO.PNG.DDS.json",
      "size": 102,
      "date": 132436818722677790
    },
    {
      "path": "scenery/global/scenery/TEXTURE/AIRPORT_LIGHTS_COMP.PNG.DDS",
      "size": 1398276,
      "date": 132436818735041866
    },
    {
      "path": "scenery/global/scenery/TEXTURE/AIRPORT_LIGHTS_COMP.PNG.DDS.json",
      "size": 191,
      "date": 132436818734991980
    },
    {
      "path": "scenery/global/scenery/TEXTURE/AIRPORT_LIGHTS_EMISSIVE.PNG.DDS",
      "size": 699192,
      "date": 132436818724812132
    },
    {
      "path": "scenery/global/scenery/TEXTURE/AIRPORT_LIGHTS_EMISSIVE.PNG.DDS.json",
      "size": 102,
      "date": 132436818724792185
    },
    {
      "path": "scenery/global/scenery/TEXTURE/AIRPORT_LIGHTS_NORMAL.PNG.DDS",
      "size": 1398256,
      "date": 132436818735759930
    },
    {
      "path": "scenery/global/scenery/TEXTURE/AIRPORT_LIGHTS_NORMAL.PNG.DDS.json",
      "size": 160,
      "date": 132436818735720040
    },
    {
      "path": "scenery/global/scenery/TEXTURE/TEST_CHECKER.PNG.DDS",
      "size": 312,
      "date": 132436818736298494
    },
    {
      "path": "scenery/global/scenery/TEXTURE/TEST_CHECKER.PNG.DDS.json",
      "size": 102,
      "date": 132436818736278542
    },
    {
      "path": "scenery/global/scenery/TEXTURE/TILE_METAL_GALVA_ALBEDO.PNG.DDS",
      "size": 87536,
      "date": 132436818726850232
    },
    {
      "path": "scenery/global/scenery/TEXTURE/TILE_METAL_GALVA_ALBEDO.PNG.DDS.json",
      "size": 119,
      "date": 132436818726830285
    },
    {
      "path": "scenery/global/scenery/TEXTURE/TILE_METAL_GALVA_COMP.PNG.DDS",
      "size": 87556,
      "date": 132436818726601122
    },
    {
      "path": "scenery/global/scenery/TEXTURE/TILE_METAL_GALVA_COMP.PNG.DDS.json",
      "size": 191,
      "date": 132436818726580949
    },
    {
      "path": "scenery/global/scenery/TEXTURE/TILE_METAL_GALVA_NORMAL.PNG.DDS",
      "size": 87536,
      "date": 132436818722947071
    },
    {
      "path": "scenery/global/scenery/TEXTURE/TILE_METAL_GALVA_NORMAL.PNG.DDS.json",
      "size": 160,
      "date": 132436818722917153
    },
    {
      "path": "scenery/world/scenery/objects.bgl",
      "size": 7668,
      "date": 132459308128879389
    },
    {
      "path": "scenery/world/scenery/YCAB.BGL",
      "size": 8059,
      "date": 132459308129717186
    }
  ]
}