<Timestamps>
	<Entry Path="TEXTURE\AIRPORT_LIGHTS_EMISSIVE.PNG" Timestamp="13239865778"/>
	<Entry Path="Light_Sample\Light_Sample_LOD2.gltf" Timestamp="13239865778"/>
	<Entry Path="Light_Sample\Light_Sample_LOD1.bin" Timestamp="13239865778"/>
	<Entry Path="Light_Sample\Light_Sample_LOD1.gltf" Timestamp="13239865778"/>
	<Entry Path="SampleMyBox\SampleMyBox.bin" Timestamp="13239865778"/>
	<Entry Path="Light_Sample\Light_Sample.xml" Timestamp="13239865778"/>
	<Entry Path="TEXTURE\TEST_CHECKER.PNG" Timestamp="13239865780"/>
	<Entry Path="TEXTURE\AIRPORT_LIGHTS_NORMAL.PNG" Timestamp="13239865778"/>
	<Entry Path="TEXTURE\TILE_METAL_GALVA_COMP.PNG" Timestamp="13239865780"/>
	<Entry Path="Light_Sample\Light_Sample_LOD0.gltf" Timestamp="13239865778"/>
	<Entry Path="TEXTURE\TILE_METAL_GALVA_ALBEDO.PNG" Timestamp="13239865780"/>
	<Entry Path="TEXTURE\AIRPORT_LIGHTS_ALBEDO.PNG" Timestamp="13239865778"/>
	<Entry Path="Light_Sample\Light_Sample_LOD2.bin" Timestamp="13239865778"/>
	<Entry Path="TEXTURE\TILE_METAL_GALVA_NORMAL.PNG" Timestamp="13239865780"/>
	<Entry Path="Light_Sample\Light_Sample_LOD0.bin" Timestamp="13239865778"/>
	<Entry Path="SampleMyBox\SampleMyBox.xml" Timestamp="13239865778"/>
	<Entry Path="SampleMyBox\SampleMyBox.gltf" Timestamp="13239865778"/>
	<Entry Path="TEXTURE\AIRPORT_LIGHTS_COMP.PNG" Timestamp="13239865778"/>
</Timestamps>

