<?xml version="1.0"?>
<FSData version="9.0">
	<!--SceneryObject name: BarrelBlue01-->
	<SceneryObject lat="-27.07740117756489" lon="152.98552399075433" alt="0.00000000000000" pitch="0.000000" bank="0.000000" heading="-13.842294" imageComplexity="VERY_SPARSE" altitudeIsAgl="TRUE" snapToGround="TRUE" snapToNormal="FALSE">
		<LibraryObject name="{AFE9020C-787F-4BC1-A3A6-3F47C7500544}" scale="1.350001"/>
	</SceneryObject>
	<!--SceneryObject name: Cone_Long_Red-->
	<SceneryObject lat="-27.07731082813705" lon="152.98547323067575" alt="0.00000000000000" pitch="0.000000" bank="0.000000" heading="-13.842294" imageComplexity="VERY_SPARSE" altitudeIsAgl="TRUE" snapToGround="TRUE" snapToNormal="FALSE">
		<LibraryObject name="{53C10CB0-8100-437A-A9E6-308439E67877}" scale="1.350001"/>
	</SceneryObject>
	<!--SceneryObject name: Cone_Long_Red-->
	<SceneryObject lat="-27.07730669128983" lon="152.98546750991366" alt="0.00000000000000" pitch="0.000000" bank="0.000000" heading="-13.842294" imageComplexity="VERY_SPARSE" altitudeIsAgl="TRUE" snapToGround="TRUE" snapToNormal="FALSE">
		<LibraryObject name="{53C10CB0-8100-437A-A9E6-308439E67877}" scale="1.350001"/>
	</SceneryObject>
	<!--SceneryObject name: Cone_Red-->
	<SceneryObject lat="-27.07741328955030" lon="152.98551885566400" alt="0.00000000000000" pitch="0.000000" bank="0.000000" heading="-33.322881" imageComplexity="VERY_SPARSE" altitudeIsAgl="TRUE" snapToGround="TRUE" snapToNormal="FALSE">
		<LibraryObject name="{FC6152CE-F1CE-4651-9703-54DE41BE5354}" scale="1.350001"/>
	</SceneryObject>
	<!--SceneryObject name: Cone_Red-->
	<SceneryObject lat="-27.07740760079423" lon="152.98551254296174" alt="0.00000000000000" pitch="0.000000" bank="0.000000" heading="-88.326784" imageComplexity="VERY_SPARSE" altitudeIsAgl="TRUE" snapToGround="TRUE" snapToNormal="FALSE">
		<LibraryObject name="{FC6152CE-F1CE-4651-9703-54DE41BE5354}" scale="1.350001"/>
	</SceneryObject>
	<!--SceneryObject name: ConstructionDumpster_Blue_Empty-->
	<SceneryObject lat="-27.07843947191265" lon="152.98441053271421" alt="0.00000000000000" pitch="0.000000" bank="0.000000" heading="-14.424157" imageComplexity="VERY_SPARSE" altitudeIsAgl="TRUE" snapToGround="TRUE" snapToNormal="FALSE">
		<LibraryObject name="{97A0114E-AAD3-4AD3-870D-9732E363B4D8}" scale="0.790000"/>
	</SceneryObject>
	<!--SceneryObject name: ConstructionDumpster_Green_Full-->
	<SceneryObject lat="-27.07842118122230" lon="152.98440576964640" alt="0.00000000000000" pitch="0.000000" bank="0.000000" heading="-14.424157" imageComplexity="VERY_SPARSE" altitudeIsAgl="TRUE" snapToGround="TRUE" snapToNormal="FALSE">
		<LibraryObject name="{77DB2891-1C77-4060-8830-B5A3A3A7ABDF}" scale="0.790000"/>
	</SceneryObject>
	<!--SceneryObject name: Container01-->
	<SceneryObject lat="-27.07812316435379" lon="152.98550381327314" alt="0.00000000000000" pitch="0.000000" bank="0.000000" heading="-14.424157" imageComplexity="VERY_SPARSE" altitudeIsAgl="TRUE" snapToGround="TRUE" snapToNormal="FALSE">
		<LibraryObject name="{6CFC8DEE-869D-4460-BFB5-F5E12FE5EE9D}" scale="0.790000"/>
	</SceneryObject>
	<!--SceneryObject name: Container_Orange-->
	<SceneryObject lat="-27.07876084540640" lon="152.98743725952642" alt="0.00000000000000" pitch="0.000000" bank="0.000000" heading="99.021453" imageComplexity="VERY_SPARSE" altitudeIsAgl="TRUE" snapToGround="TRUE" snapToNormal="FALSE">
		<LibraryObject name="{950114DA-B1E1-4133-9149-4A92AD42FDEA}" scale="0.790000"/>
	</SceneryObject>
	<!--SceneryObject name: FenceMetallic_1m-->
	<SceneryObject lat="-27.07741256668118" lon="152.98569212996443" alt="0.00000000000000" pitch="0.000000" bank="0.000000" heading="163.957216" imageComplexity="VERY_SPARSE" altitudeIsAgl="TRUE" snapToGround="TRUE" snapToNormal="FALSE">
		<LibraryObject name="{C747BE4B-DA8E-4F99-A17A-50E6DFCF8F89}" scale="1.000000"/>
	</SceneryObject>
	<!--SceneryObject name: FenceMetallic_1m-->
	<SceneryObject lat="-27.07727953449952" lon="152.98566819881395" alt="0.00000000000000" pitch="0.000000" bank="0.000000" heading="73.429827" imageComplexity="VERY_SPARSE" altitudeIsAgl="TRUE" snapToGround="TRUE" snapToNormal="FALSE">
		<LibraryObject name="{C747BE4B-DA8E-4F99-A17A-50E6DFCF8F89}" scale="1.000000"/>
	</SceneryObject>
	<!--SceneryObject name: FenceMetallic_1m-->
	<SceneryObject lat="-27.07724270123190" lon="152.98565595742596" alt="0.00000000000000" pitch="0.000000" bank="0.000000" heading="73.429827" imageComplexity="VERY_SPARSE" altitudeIsAgl="TRUE" snapToGround="TRUE" snapToNormal="FALSE">
		<LibraryObject name="{C747BE4B-DA8E-4F99-A17A-50E6DFCF8F89}" scale="1.000000"/>
	</SceneryObject>
	<!--SceneryObject name: FenceMetallic_1m-->
	<SceneryObject lat="-27.07723109311577" lon="152.98549680031996" alt="0.00000000000000" pitch="0.001544" bank="-0.001544" heading="-13.156358" imageComplexity="VERY_SPARSE" altitudeIsAgl="TRUE" snapToGround="TRUE" snapToNormal="FALSE">
		<LibraryObject name="{C747BE4B-DA8E-4F99-A17A-50E6DFCF8F89}" scale="1.000000"/>
	</SceneryObject>
	<!--SceneryObject name: FenceMetallic_1m-->
	<SceneryObject lat="-27.07721632685334" lon="152.98564720267709" alt="0.00000000000000" pitch="0.000000" bank="0.000000" heading="73.429827" imageComplexity="VERY_SPARSE" altitudeIsAgl="TRUE" snapToGround="TRUE" snapToNormal="FALSE">
		<LibraryObject name="{C747BE4B-DA8E-4F99-A17A-50E6DFCF8F89}" scale="1.000000"/>
	</SceneryObject>
	<!--SceneryObject name: FenceMetallic_3m-->
	<SceneryObject lat="-27.07744386610956" lon="152.98557091252508" alt="0.00000000000000" pitch="0.000000" bank="0.000000" heading="163.957202" imageComplexity="VERY_SPARSE" altitudeIsAgl="TRUE" snapToGround="TRUE" snapToNormal="FALSE">
		<LibraryObject name="{8C70DAC4-BD05-47C4-A98E-0B93DB74B042}" scale="1.000000"/>
	</SceneryObject>
	<!--SceneryObject name: FenceMetallic_3m-->
	<SceneryObject lat="-27.07743047917890" lon="152.98554366048205" alt="0.00000000000000" pitch="0.000000" bank="0.000000" heading="73.429847" imageComplexity="VERY_SPARSE" altitudeIsAgl="TRUE" snapToGround="TRUE" snapToNormal="FALSE">
		<LibraryObject name="{8C70DAC4-BD05-47C4-A98E-0B93DB74B042}" scale="1.000000"/>
	</SceneryObject>
	<!--SceneryObject name: FenceMetallic_3m-->
	<SceneryObject lat="-27.07738933175311" lon="152.98570467492976" alt="0.00000000000000" pitch="0.000000" bank="0.000000" heading="73.429827" imageComplexity="VERY_SPARSE" altitudeIsAgl="TRUE" snapToGround="TRUE" snapToNormal="FALSE">
		<LibraryObject name="{8C70DAC4-BD05-47C4-A98E-0B93DB74B042}" scale="1.000000"/>
	</SceneryObject>
	<!--SceneryObject name: FenceMetallic_3m-->
	<SceneryObject lat="-27.07732446501540" lon="152.98550824720729" alt="0.00000000000000" pitch="0.000000" bank="0.000000" heading="73.247297" imageComplexity="VERY_SPARSE" altitudeIsAgl="TRUE" snapToGround="TRUE" snapToNormal="FALSE">
		<LibraryObject name="{8C70DAC4-BD05-47C4-A98E-0B93DB74B042}" scale="1.000000"/>
	</SceneryObject>
	<!--SceneryObject name: FenceMetallic_3m-->
	<SceneryObject lat="-27.07720446085646" lon="152.98561915766851" alt="0.00000000000000" pitch="0.000000" bank="0.000000" heading="-13.842294" imageComplexity="VERY_SPARSE" altitudeIsAgl="TRUE" snapToGround="TRUE" snapToNormal="FALSE">
		<LibraryObject name="{8C70DAC4-BD05-47C4-A98E-0B93DB74B042}" scale="1.000000"/>
	</SceneryObject>
	<!--SceneryObject name: FuelStation_Object08-->
	<SceneryObject lat="-27.07723892463475" lon="152.98561171466625" alt="0.00000000000000" pitch="0.000000" bank="0.000000" heading="-14.279931" imageComplexity="VERY_SPARSE" altitudeIsAgl="TRUE" snapToGround="TRUE" snapToNormal="FALSE">
		<LibraryObject name="{A9A8EDA8-A0A2-4391-8313-9DD0A8C340FC}" scale="1.000000"/>
	</SceneryObject>
	<!--SceneryObject name: FuelStation_Pack01-->
	<SceneryObject lat="-27.07733309026758" lon="152.98550334290255" alt="0.00000000000000" pitch="0.000000" bank="0.000000" heading="-107.099122" imageComplexity="VERY_SPARSE" altitudeIsAgl="TRUE" snapToGround="TRUE" snapToNormal="FALSE">
		<LibraryObject name="{26EFE6A1-6842-4996-96A5-D41E0F857E5E}" scale="1.000000"/>
	</SceneryObject>
	<!--SceneryObject name: Garbage_Container01_HIGH-->
	<SceneryObject lat="-27.07806237707540" lon="152.98572748222477" alt="0.00000000000000" pitch="0.000000" bank="0.000000" heading="156.317239" imageComplexity="VERY_SPARSE" altitudeIsAgl="TRUE" snapToGround="TRUE" snapToNormal="FALSE">
		<LibraryObject name="{6F46D535-7070-4029-8EF0-6F31FDD52CAF}" scale="0.890000"/>
	</SceneryObject>
	<!--SceneryObject name: Garbage_Container01_HIGH-->
	<SceneryObject lat="-27.07777780744962" lon="152.98716308896945" alt="0.00000000000000" pitch="0.000000" bank="0.000000" heading="170.068241" imageComplexity="VERY_SPARSE" altitudeIsAgl="TRUE" snapToGround="TRUE" snapToNormal="FALSE">
		<LibraryObject name="{6F46D535-7070-4029-8EF0-6F31FDD52CAF}" scale="0.890000"/>
	</SceneryObject>
	<!--SceneryObject name: Garbage_Container02_HIGH-->
	<SceneryObject lat="-27.07805249304649" lon="152.98574953653215" alt="0.00000000000000" pitch="0.000000" bank="0.000000" heading="170.068241" imageComplexity="VERY_SPARSE" altitudeIsAgl="TRUE" snapToGround="TRUE" snapToNormal="FALSE">
		<LibraryObject name="{C01E34C2-AA91-410A-B6A0-2A1B16FB2BA6}" scale="0.890000"/>
	</SceneryObject>
	<!--SceneryObject name: Garbage_Container02_HIGH-->
	<SceneryObject lat="-27.07778154855618" lon="152.98714062063812" alt="0.00000000000000" pitch="0.000000" bank="0.000000" heading="170.068241" imageComplexity="VERY_SPARSE" altitudeIsAgl="TRUE" snapToGround="TRUE" snapToNormal="FALSE">
		<LibraryObject name="{C01E34C2-AA91-410A-B6A0-2A1B16FB2BA6}" scale="0.890000"/>
	</SceneryObject>
	<!--SceneryObject name: Garbage_Container02_Middle-->
	<SceneryObject lat="-27.07848980543975" lon="152.98381592999638" alt="0.00000000000000" pitch="0.000000" bank="0.000000" heading="162.046812" imageComplexity="VERY_SPARSE" altitudeIsAgl="TRUE" snapToGround="TRUE" snapToNormal="FALSE">
		<LibraryObject name="{139D2492-1F5F-4E67-8DC2-BED2D5D852B2}" scale="0.850000"/>
	</SceneryObject>
	<!--SceneryObject name: Garbage_Container02_Middle-->
	<SceneryObject lat="-27.07831014189335" lon="152.98510970852755" alt="0.00000000000000" pitch="0.000000" bank="0.000000" heading="-114.301365" imageComplexity="VERY_SPARSE" altitudeIsAgl="TRUE" snapToGround="TRUE" snapToNormal="FALSE">
		<LibraryObject name="{139D2492-1F5F-4E67-8DC2-BED2D5D852B2}" scale="0.770000"/>
	</SceneryObject>
	<!--SceneryObject name: Garbage_Container04_Middle-->
	<SceneryObject lat="-27.07849365310083" lon="152.98380086757840" alt="0.00000000000000" pitch="0.000000" bank="0.000000" heading="162.046812" imageComplexity="VERY_SPARSE" altitudeIsAgl="TRUE" snapToGround="TRUE" snapToNormal="FALSE">
		<LibraryObject name="{B0F7FD7E-24BF-490E-8A4A-A115E4F76878}" scale="0.850000"/>
	</SceneryObject>
	<!--SceneryObject name: Gen_Hangar01-->
	<SceneryObject lat="-27.07767622402063" lon="152.98404030277510" alt="0.00000000000000" pitch="0.000014" bank="-0.000014" heading="75.999973" imageComplexity="VERY_SPARSE" altitudeIsAgl="TRUE" snapToGround="TRUE" snapToNormal="FALSE">
		<LibraryObject name="{65B40360-EADB-4927-82CB-A5AF526F5377}" scale="0.670000"/>
	</SceneryObject>
	<!--SceneryObject name: Gen_Hangar01-->
	<SceneryObject lat="-27.07767090024456" lon="152.98403838030842" alt="0.00000000000000" pitch="0.000000" bank="0.000000" heading="-104.145932" imageComplexity="VERY_SPARSE" altitudeIsAgl="TRUE" snapToGround="TRUE" snapToNormal="FALSE">
		<LibraryObject name="{65B40360-EADB-4927-82CB-A5AF526F5377}" scale="0.670000"/>
	</SceneryObject>
	<!--SceneryObject name: Gen_Hangar01-->
	<SceneryObject lat="-27.07766971825646" lon="152.98408016434175" alt="0.00000000000000" pitch="0.000000" bank="0.000000" heading="-103.661344" imageComplexity="VERY_SPARSE" altitudeIsAgl="TRUE" snapToGround="TRUE" snapToNormal="FALSE">
		<LibraryObject name="{65B40360-EADB-4927-82CB-A5AF526F5377}" scale="0.010000"/>
	</SceneryObject>
	<!--SceneryObject name: Gen_Hangar01-->
	<SceneryObject lat="-27.07764175389491" lon="152.98406268332926" alt="0.00000000000000" pitch="0.000000" bank="0.000000" heading="-103.661344" imageComplexity="VERY_SPARSE" altitudeIsAgl="TRUE" snapToGround="TRUE" snapToNormal="FALSE">
		<LibraryObject name="{65B40360-EADB-4927-82CB-A5AF526F5377}" scale="0.010000"/>
	</SceneryObject>
	<!--SceneryObject name: Gen_Hangar01-->
	<SceneryObject lat="-27.07761605958546" lon="152.98431768390193" alt="0.00000000000000" pitch="0.000027" bank="-0.000027" heading="75.999973" imageComplexity="VERY_SPARSE" altitudeIsAgl="TRUE" snapToGround="TRUE" snapToNormal="FALSE">
		<LibraryObject name="{65B40360-EADB-4927-82CB-A5AF526F5377}" scale="0.670000"/>
	</SceneryObject>
	<!--SceneryObject name: Gen_Hangar01-->
	<SceneryObject lat="-27.07761108581377" lon="152.98431503412593" alt="0.00000000000000" pitch="0.000000" bank="0.000000" heading="-104.145932" imageComplexity="VERY_SPARSE" altitudeIsAgl="TRUE" snapToGround="TRUE" snapToNormal="FALSE">
		<LibraryObject name="{65B40360-EADB-4927-82CB-A5AF526F5377}" scale="0.670000"/>
	</SceneryObject>
	<!--SceneryObject name: Gen_Hangar01-->
	<SceneryObject lat="-27.07755277945174" lon="152.98459855815210" alt="0.00000000000000" pitch="0.000014" bank="-0.000014" heading="75.999973" imageComplexity="VERY_SPARSE" altitudeIsAgl="TRUE" snapToGround="TRUE" snapToNormal="FALSE">
		<LibraryObject name="{65B40360-EADB-4927-82CB-A5AF526F5377}" scale="0.670000"/>
	</SceneryObject>
	<!--SceneryObject name: Gen_Hangar01-->
	<SceneryObject lat="-27.07754809169521" lon="152.98459688416685" alt="0.00000000000000" pitch="0.000000" bank="0.000000" heading="-104.145932" imageComplexity="VERY_SPARSE" altitudeIsAgl="TRUE" snapToGround="TRUE" snapToNormal="FALSE">
		<LibraryObject name="{65B40360-EADB-4927-82CB-A5AF526F5377}" scale="0.670000"/>
	</SceneryObject>
	<!--SceneryObject name: Gen_Hangar01-->
	<SceneryObject lat="-27.07749449710982" lon="152.98486895382007" alt="0.00000000000000" pitch="0.000027" bank="-0.000027" heading="75.999973" imageComplexity="VERY_SPARSE" altitudeIsAgl="TRUE" snapToGround="TRUE" snapToNormal="FALSE">
		<LibraryObject name="{65B40360-EADB-4927-82CB-A5AF526F5377}" scale="0.670000"/>
	</SceneryObject>
	<!--SceneryObject name: Gen_Hangar01-->
	<SceneryObject lat="-27.07748972044839" lon="152.98486686624881" alt="0.00000000000000" pitch="0.000000" bank="0.000000" heading="-104.145932" imageComplexity="VERY_SPARSE" altitudeIsAgl="TRUE" snapToGround="TRUE" snapToNormal="FALSE">
		<LibraryObject name="{65B40360-EADB-4927-82CB-A5AF526F5377}" scale="0.670000"/>
	</SceneryObject>
	<!--SceneryObject name: Gen_Hangar02-->
	<SceneryObject lat="-27.07823966220132" lon="152.98480868786885" alt="0.00000000000000" pitch="0.000000" bank="0.000000" heading="-13.671061" imageComplexity="VERY_SPARSE" altitudeIsAgl="TRUE" snapToGround="TRUE" snapToNormal="FALSE">
		<LibraryObject name="{9218816C-5828-4392-8C1A-E52B26681CE4}" scale="0.930000"/>
	</SceneryObject>
	<!--SceneryObject name: Gen_Hangar02-->
	<SceneryObject lat="-27.07812239303161" lon="152.98477739387656" alt="0.00000000000000" pitch="0.000000" bank="0.000000" heading="-13.671061" imageComplexity="VERY_SPARSE" altitudeIsAgl="TRUE" snapToGround="TRUE" snapToNormal="FALSE">
		<LibraryObject name="{9218816C-5828-4392-8C1A-E52B26681CE4}" scale="0.930000"/>
	</SceneryObject>
	<!--SceneryObject name: Gen_Hangar03-->
	<SceneryObject lat="-27.07784296188275" lon="152.98587894276676" alt="0.00000000000000" pitch="0.000000" bank="0.000000" heading="-13.842294" imageComplexity="VERY_SPARSE" altitudeIsAgl="TRUE" snapToGround="TRUE" snapToNormal="FALSE">
		<LibraryObject name="{08EF96F6-A791-4FBE-8416-92FB7913623C}" scale="0.890001"/>
	</SceneryObject>
	<!--SceneryObject name: Gen_Hangar04-->
	<SceneryObject lat="-27.07795385672714" lon="152.98557775361934" alt="0.00000000000000" pitch="0.000000" bank="0.000000" heading="-13.842294" imageComplexity="VERY_SPARSE" altitudeIsAgl="TRUE" snapToGround="TRUE" snapToNormal="FALSE">
		<LibraryObject name="{246AB855-9482-4239-B5EA-541CD0FAA515}" scale="1.010001"/>
	</SceneryObject>
	<!--SceneryObject name: Gen_Hangar05-->
	<SceneryObject lat="-27.07895603940538" lon="152.98791994018779" alt="0.00000000000000" pitch="0.000000" bank="0.000000" heading="-81.451276" imageComplexity="VERY_SPARSE" altitudeIsAgl="TRUE" snapToGround="TRUE" snapToNormal="FALSE">
		<LibraryObject name="{53E5648B-050D-44AD-A6B0-B1DC93ACED99}" scale="1.000000"/>
	</SceneryObject>
	<!--SceneryObject name: Gen_Hangar05-->
	<SceneryObject lat="-27.07895530735213" lon="152.98793257305726" alt="0.00000000000000" pitch="0.000000" bank="0.000000" heading="98.999999" imageComplexity="VERY_SPARSE" altitudeIsAgl="TRUE" snapToGround="TRUE" snapToNormal="FALSE">
		<LibraryObject name="{53E5648B-050D-44AD-A6B0-B1DC93ACED99}" scale="1.000000"/>
	</SceneryObject>
	<!--SceneryObject name: Gen_Hangar05-->
	<SceneryObject lat="-27.07871221469635" lon="152.98797485199205" alt="0.00000000000000" pitch="0.000000" bank="0.000000" heading="98.999999" imageComplexity="VERY_SPARSE" altitudeIsAgl="TRUE" snapToGround="TRUE" snapToNormal="FALSE">
		<LibraryObject name="{53E5648B-050D-44AD-A6B0-B1DC93ACED99}" scale="1.000000"/>
	</SceneryObject>
	<!--SceneryObject name: Gen_Hangar05-->
	<SceneryObject lat="-27.07871221133747" lon="152.98796062401848" alt="0.00000000000000" pitch="0.000000" bank="0.000000" heading="-81.451276" imageComplexity="VERY_SPARSE" altitudeIsAgl="TRUE" snapToGround="TRUE" snapToNormal="FALSE">
		<LibraryObject name="{53E5648B-050D-44AD-A6B0-B1DC93ACED99}" scale="1.000000"/>
	</SceneryObject>
	<!--SceneryObject name: Gen_Hangar06-->
	<SceneryObject lat="-27.07890269493118" lon="152.98743154923088" alt="0.00000000000000" pitch="0.000000" bank="0.000000" heading="-81.488924" imageComplexity="VERY_SPARSE" altitudeIsAgl="TRUE" snapToGround="TRUE" snapToNormal="FALSE">
		<LibraryObject name="{1B4E2631-D900-4035-9F77-8DBD93EB475B}" scale="0.770001"/>
	</SceneryObject>
	<!--SceneryObject name: Gen_Hangar06-->
	<SceneryObject lat="-27.07842649460335" lon="152.98802415072672" alt="0.00000000000000" pitch="0.000000" bank="0.000000" heading="-81.488924" imageComplexity="VERY_SPARSE" altitudeIsAgl="TRUE" snapToGround="TRUE" snapToNormal="FALSE">
		<LibraryObject name="{1B4E2631-D900-4035-9F77-8DBD93EB475B}" scale="0.770001"/>
	</SceneryObject>
	<!--SceneryObject name: Gen_Hangar06-->
	<SceneryObject lat="-27.07816935435086" lon="152.98806890414940" alt="0.00000000000000" pitch="0.000000" bank="0.000000" heading="-81.488924" imageComplexity="VERY_SPARSE" altitudeIsAgl="TRUE" snapToGround="TRUE" snapToNormal="FALSE">
		<LibraryObject name="{1B4E2631-D900-4035-9F77-8DBD93EB475B}" scale="0.770001"/>
	</SceneryObject>
	<!--SceneryObject name: Gen_Hangar06-->
	<SceneryObject lat="-27.07780797579241" lon="152.98618900294426" alt="0.00000000000000" pitch="0.000000" bank="0.000000" heading="-13.842294" imageComplexity="VERY_SPARSE" altitudeIsAgl="TRUE" snapToGround="TRUE" snapToNormal="FALSE">
		<LibraryObject name="{1B4E2631-D900-4035-9F77-8DBD93EB475B}" scale="0.770001"/>
	</SceneryObject>
	<!--SceneryObject name: Gen_Hangar100-->
	<SceneryObject lat="-27.07842946930910" lon="152.98751516248993" alt="0.00000000000000" pitch="0.000000" bank="0.000000" heading="-81.091257" imageComplexity="VERY_SPARSE" altitudeIsAgl="TRUE" snapToGround="TRUE" snapToNormal="FALSE">
		<LibraryObject name="{80605B39-9A33-46F8-8306-648415D102F9}" scale="1.410000"/>
	</SceneryObject>
	<!--SceneryObject name: Gen_Hangar100-->
	<SceneryObject lat="-27.07831868799916" lon="152.98753255820995" alt="0.00000000000000" pitch="0.000000" bank="0.000000" heading="-81.091257" imageComplexity="VERY_SPARSE" altitudeIsAgl="TRUE" snapToGround="TRUE" snapToNormal="FALSE">
		<LibraryObject name="{80605B39-9A33-46F8-8306-648415D102F9}" scale="1.410000"/>
	</SceneryObject>
	<!--SceneryObject name: Gen_Hangar125-->
	<SceneryObject lat="-27.07889827367074" lon="152.98954207345471" alt="0.00000000000000" pitch="0.000000" bank="0.000000" heading="8.494133" imageComplexity="VERY_SPARSE" altitudeIsAgl="TRUE" snapToGround="TRUE" snapToNormal="FALSE">
		<LibraryObject name="{E07B4A7E-A244-48EA-A090-BD2D5D162E1F}" scale="0.990000"/>
	</SceneryObject>
	<!--SceneryObject name: Gen_Hangar125-->
	<SceneryObject lat="-27.07883642401895" lon="152.98903399918979" alt="0.00000000000000" pitch="0.000000" bank="0.000000" heading="8.494133" imageComplexity="VERY_SPARSE" altitudeIsAgl="TRUE" snapToGround="TRUE" snapToNormal="FALSE">
		<LibraryObject name="{E07B4A7E-A244-48EA-A090-BD2D5D162E1F}" scale="0.990000"/>
	</SceneryObject>
	<!--SceneryObject name: Gen_Hangar125-->
	<SceneryObject lat="-27.07877227011154" lon="152.98848833163925" alt="0.00000000000000" pitch="0.000000" bank="0.000000" heading="8.494133" imageComplexity="VERY_SPARSE" altitudeIsAgl="TRUE" snapToGround="TRUE" snapToNormal="FALSE">
		<LibraryObject name="{E07B4A7E-A244-48EA-A090-BD2D5D162E1F}" scale="0.990000"/>
	</SceneryObject>
	<!--SceneryObject name: Gen_Hangar125-->
	<SceneryObject lat="-27.07876781111736" lon="152.98956310017181" alt="0.00000000000000" pitch="0.000000" bank="0.000000" heading="8.494133" imageComplexity="VERY_SPARSE" altitudeIsAgl="TRUE" snapToGround="TRUE" snapToNormal="FALSE">
		<LibraryObject name="{E07B4A7E-A244-48EA-A090-BD2D5D162E1F}" scale="0.990000"/>
	</SceneryObject>
	<!--SceneryObject name: Gen_Hangar125-->
	<SceneryObject lat="-27.07870342781229" lon="152.98905536931599" alt="0.00000000000000" pitch="0.000000" bank="0.000000" heading="8.494133" imageComplexity="VERY_SPARSE" altitudeIsAgl="TRUE" snapToGround="TRUE" snapToNormal="FALSE">
		<LibraryObject name="{E07B4A7E-A244-48EA-A090-BD2D5D162E1F}" scale="0.990000"/>
	</SceneryObject>
	<!--SceneryObject name: Gen_Hangar125-->
	<SceneryObject lat="-27.07850018255803" lon="152.98853261331953" alt="0.00000000000000" pitch="0.000000" bank="0.000000" heading="8.494133" imageComplexity="VERY_SPARSE" altitudeIsAgl="TRUE" snapToGround="TRUE" snapToNormal="FALSE">
		<LibraryObject name="{E07B4A7E-A244-48EA-A090-BD2D5D162E1F}" scale="0.990000"/>
	</SceneryObject>
	<!--SceneryObject name: Gen_Hangar125-->
	<SceneryObject lat="-27.07842600261791" lon="152.98910019564462" alt="0.00000000000000" pitch="0.000000" bank="0.000000" heading="8.494133" imageComplexity="VERY_SPARSE" altitudeIsAgl="TRUE" snapToGround="TRUE" snapToNormal="FALSE">
		<LibraryObject name="{E07B4A7E-A244-48EA-A090-BD2D5D162E1F}" scale="0.990000"/>
	</SceneryObject>
	<!--SceneryObject name: Gen_Hangar125-->
	<SceneryObject lat="-27.07822199861481" lon="152.98857751828206" alt="0.00000000000000" pitch="0.000000" bank="0.000000" heading="8.494133" imageComplexity="VERY_SPARSE" altitudeIsAgl="TRUE" snapToGround="TRUE" snapToNormal="FALSE">
		<LibraryObject name="{E07B4A7E-A244-48EA-A090-BD2D5D162E1F}" scale="0.990000"/>
	</SceneryObject>
	<!--SceneryObject name: Gen_Hangar139-->
	<SceneryObject lat="-27.07764528553019" lon="152.98707709418036" alt="0.00000000000000" pitch="0.001544" bank="-0.001544" heading="164.000000" imageComplexity="VERY_SPARSE" altitudeIsAgl="TRUE" snapToGround="TRUE" snapToNormal="FALSE">
		<LibraryObject name="{8E4081EB-2A03-4B1C-B97A-C3A60F99F0F8}" scale="0.710639"/>
	</SceneryObject>
	<!--SceneryObject name: Gen_Hangar151-->
	<SceneryObject lat="-27.07872072229678" lon="152.98610328489920" alt="0.00000000000000" pitch="0.000000" bank="0.000000" heading="-89.165592" imageComplexity="VERY_SPARSE" altitudeIsAgl="TRUE" snapToGround="TRUE" snapToNormal="FALSE">
		<LibraryObject name="{AF6911D5-01E4-46B3-B350-4260C3E78740}" scale="1.410000"/>
	</SceneryObject>
	<!--SceneryObject name: Gen_Hangar151-->
	<SceneryObject lat="-27.07870562744323" lon="152.98597470611935" alt="0.00000000000000" pitch="0.000000" bank="0.000000" heading="91.000004" imageComplexity="VERY_SPARSE" altitudeIsAgl="TRUE" snapToGround="TRUE" snapToNormal="FALSE">
		<LibraryObject name="{AF6911D5-01E4-46B3-B350-4260C3E78740}" scale="1.410000"/>
	</SceneryObject>
	<!--SceneryObject name: Gen_Hangar151-->
	<SceneryObject lat="-27.07845405662584" lon="152.98614112024117" alt="0.00000000000000" pitch="0.000000" bank="0.000000" heading="-89.165592" imageComplexity="VERY_SPARSE" altitudeIsAgl="TRUE" snapToGround="TRUE" snapToNormal="FALSE">
		<LibraryObject name="{AF6911D5-01E4-46B3-B350-4260C3E78740}" scale="1.410000"/>
	</SceneryObject>
	<!--SceneryObject name: Gen_Hangar151-->
	<SceneryObject lat="-27.07843923835734" lon="152.98601360903470" alt="0.00000000000000" pitch="0.000000" bank="0.000000" heading="91.000004" imageComplexity="VERY_SPARSE" altitudeIsAgl="TRUE" snapToGround="TRUE" snapToNormal="FALSE">
		<LibraryObject name="{AF6911D5-01E4-46B3-B350-4260C3E78740}" scale="1.410000"/>
	</SceneryObject>
	<!--SceneryObject name: Gen_Hangar166-->
	<SceneryObject lat="-27.07826715089546" lon="152.98423601199201" alt="0.00000000000000" pitch="0.000000" bank="0.000000" heading="-105.456202" imageComplexity="VERY_SPARSE" altitudeIsAgl="TRUE" snapToGround="TRUE" snapToNormal="FALSE">
		<LibraryObject name="{B1FCFDF1-8E32-4E50-ABD5-C653AA94FE0C}" scale="0.690000"/>
	</SceneryObject>
	<!--SceneryObject name: Gen_Hangar186-->
	<SceneryObject lat="-27.07870364530294" lon="152.98751468679254" alt="0.00000000000000" pitch="0.000000" bank="0.000000" heading="-172.198850" imageComplexity="VERY_SPARSE" altitudeIsAgl="TRUE" snapToGround="TRUE" snapToNormal="FALSE">
		<LibraryObject name="{AB5CC711-AC3B-440E-9EC4-95556137B3B7}" scale="0.590001"/>
	</SceneryObject>
	<!--SceneryObject name: Gen_Hangar186-->
	<SceneryObject lat="-27.07868931210343" lon="152.98740079678467" alt="0.00000000000000" pitch="0.000000" bank="0.000000" heading="-172.198850" imageComplexity="VERY_SPARSE" altitudeIsAgl="TRUE" snapToGround="TRUE" snapToNormal="FALSE">
		<LibraryObject name="{AB5CC711-AC3B-440E-9EC4-95556137B3B7}" scale="0.590001"/>
	</SceneryObject>
	<!--SceneryObject name: Gen_Hangar186-->
	<SceneryObject lat="-27.07858100964880" lon="152.98753324662536" alt="0.00000000000000" pitch="0.000000" bank="0.000000" heading="-172.198850" imageComplexity="VERY_SPARSE" altitudeIsAgl="TRUE" snapToGround="TRUE" snapToNormal="FALSE">
		<LibraryObject name="{AB5CC711-AC3B-440E-9EC4-95556137B3B7}" scale="0.590001"/>
	</SceneryObject>
	<!--SceneryObject name: Gen_Hangar186-->
	<SceneryObject lat="-27.07856673822160" lon="152.98742105374996" alt="0.00000000000000" pitch="0.000000" bank="0.000000" heading="-172.198850" imageComplexity="VERY_SPARSE" altitudeIsAgl="TRUE" snapToGround="TRUE" snapToNormal="FALSE">
		<LibraryObject name="{AB5CC711-AC3B-440E-9EC4-95556137B3B7}" scale="0.590001"/>
	</SceneryObject>
	<!--SceneryObject name: Gen_Hangar186-->
	<SceneryObject lat="-27.07785284918590" lon="152.98349218936761" alt="0.00000000000000" pitch="0.000000" bank="0.000000" heading="74.999999" imageComplexity="VERY_SPARSE" altitudeIsAgl="TRUE" snapToGround="TRUE" snapToNormal="FALSE">
		<LibraryObject name="{AB5CC711-AC3B-440E-9EC4-95556137B3B7}" scale="0.700000"/>
	</SceneryObject>
	<!--SceneryObject name: Gen_Hangar186-->
	<SceneryObject lat="-27.07781399118666" lon="152.98365442527833" alt="0.00000000000000" pitch="0.000000" bank="0.000000" heading="74.999999" imageComplexity="VERY_SPARSE" altitudeIsAgl="TRUE" snapToGround="TRUE" snapToNormal="FALSE">
		<LibraryObject name="{AB5CC711-AC3B-440E-9EC4-95556137B3B7}" scale="0.700000"/>
	</SceneryObject>
	<!--SceneryObject name: Gen_Hangar186-->
	<SceneryObject lat="-27.07777547421549" lon="152.98381413509935" alt="0.00000000000000" pitch="0.000000" bank="0.000000" heading="74.999999" imageComplexity="VERY_SPARSE" altitudeIsAgl="TRUE" snapToGround="TRUE" snapToNormal="FALSE">
		<LibraryObject name="{AB5CC711-AC3B-440E-9EC4-95556137B3B7}" scale="0.700000"/>
	</SceneryObject>
	<!--SceneryObject name: Gen_Hangar186-->
	<SceneryObject lat="-27.07775199956389" lon="152.98346290567522" alt="0.00000000000000" pitch="0.000000" bank="0.000000" heading="-104.369594" imageComplexity="VERY_SPARSE" altitudeIsAgl="TRUE" snapToGround="TRUE" snapToNormal="FALSE">
		<LibraryObject name="{AB5CC711-AC3B-440E-9EC4-95556137B3B7}" scale="0.700000"/>
	</SceneryObject>
	<!--SceneryObject name: Gen_Hangar186-->
	<SceneryObject lat="-27.07771418884920" lon="152.98362485937088" alt="0.00000000000000" pitch="0.000000" bank="0.000000" heading="-104.369594" imageComplexity="VERY_SPARSE" altitudeIsAgl="TRUE" snapToGround="TRUE" snapToNormal="FALSE">
		<LibraryObject name="{AB5CC711-AC3B-440E-9EC4-95556137B3B7}" scale="0.700000"/>
	</SceneryObject>
	<!--SceneryObject name: Gen_Hangar186-->
	<SceneryObject lat="-27.07767782830954" lon="152.98378601250323" alt="0.00000000000000" pitch="0.000000" bank="0.000000" heading="-104.369594" imageComplexity="VERY_SPARSE" altitudeIsAgl="TRUE" snapToGround="TRUE" snapToNormal="FALSE">
		<LibraryObject name="{AB5CC711-AC3B-440E-9EC4-95556137B3B7}" scale="0.700000"/>
	</SceneryObject>
	<!--SceneryObject name: Gen_Hangar68-->
	<SceneryObject lat="-27.07819450344137" lon="152.98516366366243" alt="0.00000000000000" pitch="0.000000" bank="0.000000" heading="-104.310301" imageComplexity="VERY_SPARSE" altitudeIsAgl="TRUE" snapToGround="TRUE" snapToNormal="FALSE">
		<LibraryObject name="{1AA55340-3230-4D65-9B68-8293FA9C2429}" scale="0.810000"/>
	</SceneryObject>
	<!--SceneryObject name: Gen_Hangar68-->
	<SceneryObject lat="-27.07805466982833" lon="152.98512363346123" alt="0.00000000000000" pitch="0.000000" bank="0.000000" heading="-104.310301" imageComplexity="VERY_SPARSE" altitudeIsAgl="TRUE" snapToGround="TRUE" snapToNormal="FALSE">
		<LibraryObject name="{1AA55340-3230-4D65-9B68-8293FA9C2429}" scale="0.810000"/>
	</SceneryObject>
	<!--SceneryObject name: Gen_Hangar70-->
	<SceneryObject lat="-27.07870418956059" lon="152.98700241810383" alt="0.00000000000000" pitch="0.000000" bank="0.000000" heading="115.999999" imageComplexity="VERY_SPARSE" altitudeIsAgl="TRUE" snapToGround="TRUE" snapToNormal="FALSE">
		<LibraryObject name="{514A025F-383C-42FE-96DC-308AB2534E1B}" scale="1.010000"/>
	</SceneryObject>
	<!--SceneryObject name: Gen_Hangar70-->
	<SceneryObject lat="-27.07868433088495" lon="152.98688492258793" alt="0.00000000000000" pitch="0.000000" bank="0.000000" heading="-64.203300" imageComplexity="VERY_SPARSE" altitudeIsAgl="TRUE" snapToGround="TRUE" snapToNormal="FALSE">
		<LibraryObject name="{514A025F-383C-42FE-96DC-308AB2534E1B}" scale="1.010000"/>
	</SceneryObject>
	<!--SceneryObject name: Gen_Hangar87-->
	<SceneryObject lat="-27.07824592649557" lon="152.98618388367530" alt="0.00000000000000" pitch="0.000000" bank="0.000000" heading="99.785778" imageComplexity="VERY_SPARSE" altitudeIsAgl="TRUE" snapToGround="TRUE" snapToNormal="FALSE">
		<LibraryObject name="{EF3EBC93-FC17-4FD7-AA9E-992ED435BBE7}" scale="0.690002"/>
	</SceneryObject>
	<!--SceneryObject name: LoaderCab-->
	<SceneryObject lat="-27.07840714726450" lon="152.98407973233540" alt="0.00000000000000" pitch="0.000000" bank="0.000000" heading="162.046812" imageComplexity="VERY_SPARSE" altitudeIsAgl="TRUE" snapToGround="TRUE" snapToNormal="FALSE">
		<LibraryObject name="{30FCC660-7054-41B3-B1D1-1F502F07F4D2}" scale="0.850000"/>
	</SceneryObject>
	<!--SceneryObject name: PickUp01_White-->
	<SceneryObject lat="-27.07821146784211" lon="152.98400781338617" alt="0.00000000000000" pitch="0.000000" bank="0.000000" heading="74.957303" imageComplexity="VERY_SPARSE" altitudeIsAgl="TRUE" snapToGround="TRUE" snapToNormal="FALSE">
		<LibraryObject name="{2AA89D37-8B27-43AA-89B9-62E23EAEED98}" scale="0.850000"/>
	</SceneryObject>
	<!--SceneryObject name: Shrub01-->
	<SceneryObject lat="-27.07790677921220" lon="152.98340515452597" alt="0.00000000000000" pitch="0.000000" bank="0.000000" heading="-135.891121" imageComplexity="VERY_SPARSE" altitudeIsAgl="TRUE" snapToGround="TRUE" snapToNormal="FALSE">
		<LibraryObject name="{5FB79F07-2207-45C7-87D6-F1156824259C}" scale="0.850000"/>
	</SceneryObject>
	<!--SceneryObject name: Shrub01-->
	<SceneryObject lat="-27.07780063020360" lon="152.98337826821646" alt="0.00000000000000" pitch="0.000000" bank="0.000000" heading="-135.891121" imageComplexity="VERY_SPARSE" altitudeIsAgl="TRUE" snapToGround="TRUE" snapToNormal="FALSE">
		<LibraryObject name="{5FB79F07-2207-45C7-87D6-F1156824259C}" scale="0.850000"/>
	</SceneryObject>
	<!--SceneryObject name: Shrub02-->
	<SceneryObject lat="-27.07788194157547" lon="152.98339612672692" alt="0.00000000000000" pitch="0.000000" bank="0.000000" heading="-135.891121" imageComplexity="VERY_SPARSE" altitudeIsAgl="TRUE" snapToGround="TRUE" snapToNormal="FALSE">
		<LibraryObject name="{104B802E-9229-48F8-A4CD-FAC6AD213532}" scale="0.850000"/>
	</SceneryObject>
	<!--SceneryObject name: Shrub02-->
	<SceneryObject lat="-27.07776511463920" lon="152.98336392604227" alt="0.00000000000000" pitch="0.000000" bank="0.000000" heading="-135.891121" imageComplexity="VERY_SPARSE" altitudeIsAgl="TRUE" snapToGround="TRUE" snapToNormal="FALSE">
		<LibraryObject name="{104B802E-9229-48F8-A4CD-FAC6AD213532}" scale="0.850000"/>
	</SceneryObject>
	<!--SceneryObject name: Shrub03-->
	<SceneryObject lat="-27.07785259277236" lon="152.98338882808895" alt="0.00000000000000" pitch="0.000000" bank="0.000000" heading="139.311134" imageComplexity="VERY_SPARSE" altitudeIsAgl="TRUE" snapToGround="TRUE" snapToNormal="FALSE">
		<LibraryObject name="{2188A366-9140-4501-87F0-5B4F348101D3}" scale="0.850000"/>
	</SceneryObject>
	<!--SceneryObject name: Shrub03-->
	<SceneryObject lat="-27.07772515844032" lon="152.98336449272213" alt="0.00000000000000" pitch="0.000000" bank="0.000000" heading="139.311134" imageComplexity="VERY_SPARSE" altitudeIsAgl="TRUE" snapToGround="TRUE" snapToNormal="FALSE">
		<LibraryObject name="{2188A366-9140-4501-87F0-5B4F348101D3}" scale="0.850000"/>
	</SceneryObject>
	<!--SceneryObject name: Shrub04-->
	<SceneryObject lat="-27.07778954655635" lon="152.98336133711797" alt="0.00000000000000" pitch="0.000000" bank="0.000000" heading="69.410322" imageComplexity="VERY_SPARSE" altitudeIsAgl="TRUE" snapToGround="TRUE" snapToNormal="FALSE">
		<LibraryObject name="{DEC67D4A-F481-445D-8A48-7D02CF1263A7}" scale="0.370000"/>
	</SceneryObject>
	<SceneryObject lat="-27.07789759508367" lon="152.97679676000476" alt="0.00000000000000" pitch="0.000000" bank="0.000000" heading="-179.999995" imageComplexity="VERY_SPARSE" altitudeIsAgl="TRUE" snapToGround="TRUE" snapToNormal="FALSE">
		<SimObject containerTitle="Windsock" scale="1.000000"/>
	</SceneryObject>
	<SceneryObject lat="-27.07692129707081" lon="152.98716669683469" alt="0.00000000000000" pitch="0.000000" bank="0.000000" heading="-179.999995" imageComplexity="VERY_SPARSE" altitudeIsAgl="TRUE" snapToGround="TRUE" snapToNormal="FALSE">
		<SimObject containerTitle="Windsock" scale="1.000000"/>
	</SceneryObject>
	<SceneryObject lat="-27.07028539280936" lon="152.97808674371245" alt="0.00000000000000" pitch="0.000000" bank="0.000000" heading="-179.999995" imageComplexity="VERY_SPARSE" altitudeIsAgl="TRUE" snapToGround="TRUE" snapToNormal="FALSE">
		<SimObject containerTitle="Windsock" scale="1.000000"/>
	</SceneryObject>
	<!--SceneryObject name: SportCar01_Black-->
	<SceneryObject lat="-27.07823004911306" lon="152.98401552855142" alt="0.00000000000000" pitch="0.000000" bank="0.000000" heading="-104.951369" imageComplexity="VERY_SPARSE" altitudeIsAgl="TRUE" snapToGround="TRUE" snapToNormal="FALSE">
		<LibraryObject name="{66D1336C-ED65-4738-A639-34EA0A427EC0}" scale="0.870000"/>
	</SceneryObject>
	<!--SceneryObject name: Traffic_Car01_Black-->
	<SceneryObject lat="-27.07824666758338" lon="152.98402145292224" alt="0.00000000000000" pitch="0.000000" bank="0.000000" heading="-98.075909" imageComplexity="VERY_SPARSE" altitudeIsAgl="TRUE" snapToGround="TRUE" snapToNormal="FALSE">
		<LibraryObject name="{08546166-D7AF-4BFC-9197-A8D98EFD2BE7}" scale="0.770000"/>
	</SceneryObject>
	<!--SceneryObject name: Traffic_Car02_Red-->
	<SceneryObject lat="-27.07828504613911" lon="152.98403842408277" alt="0.00000000000000" pitch="0.000000" bank="0.000000" heading="71.519655" imageComplexity="VERY_SPARSE" altitudeIsAgl="TRUE" snapToGround="TRUE" snapToNormal="FALSE">
		<LibraryObject name="{A9F2D52F-4390-4ED7-BD68-A2CE9532F542}" scale="0.690000"/>
	</SceneryObject>
	<!--SceneryObject name: Traffic_Car03_Blue-->
	<SceneryObject lat="-27.07826594277181" lon="152.98403341363149" alt="0.00000000000000" pitch="0.000000" bank="0.000000" heading="71.519655" imageComplexity="VERY_SPARSE" altitudeIsAgl="TRUE" snapToGround="TRUE" snapToNormal="FALSE">
		<LibraryObject name="{742023A9-B80F-451E-8593-485B2359201A}" scale="0.690000"/>
	</SceneryObject>
	<!--SceneryObject name: Tree_Palm01-->
	<SceneryObject lat="-27.07879742903377" lon="152.98655606896841" alt="0.00000000000000" pitch="0.000000" bank="0.000000" heading="74.999999" imageComplexity="VERY_SPARSE" altitudeIsAgl="TRUE" snapToGround="TRUE" snapToNormal="FALSE">
		<LibraryObject name="{97D8DB4F-21D3-4DE3-B66C-4FB8349E8F75}" scale="0.470000"/>
	</SceneryObject>
	<!--SceneryObject name: Tree_Palm01-->
	<SceneryObject lat="-27.07873812978029" lon="152.98639072205671" alt="0.00000000000000" pitch="0.000000" bank="0.000000" heading="72.343260" imageComplexity="VERY_SPARSE" altitudeIsAgl="TRUE" snapToGround="TRUE" snapToNormal="FALSE">
		<LibraryObject name="{97D8DB4F-21D3-4DE3-B66C-4FB8349E8F75}" scale="0.470000"/>
	</SceneryObject>
	<!--SceneryObject name: Tree_Palm01-->
	<SceneryObject lat="-27.07867057616255" lon="152.98657800117149" alt="0.00000000000000" pitch="0.000000" bank="0.000000" heading="-149.781991" imageComplexity="VERY_SPARSE" altitudeIsAgl="TRUE" snapToGround="TRUE" snapToNormal="FALSE">
		<LibraryObject name="{97D8DB4F-21D3-4DE3-B66C-4FB8349E8F75}" scale="0.470000"/>
	</SceneryObject>
	<!--SceneryObject name: Tree_Palm01-->
	<SceneryObject lat="-27.07858673561149" lon="152.98643552767157" alt="0.00000000000000" pitch="0.000000" bank="0.000000" heading="-29.643267" imageComplexity="VERY_SPARSE" altitudeIsAgl="TRUE" snapToGround="TRUE" snapToNormal="FALSE">
		<LibraryObject name="{97D8DB4F-21D3-4DE3-B66C-4FB8349E8F75}" scale="0.470000"/>
	</SceneryObject>
	<!--SceneryObject name: Tree_Palm01-->
	<SceneryObject lat="-27.07851206670222" lon="152.98661525158548" alt="0.00000000000000" pitch="0.000000" bank="0.000000" heading="179.278300" imageComplexity="VERY_SPARSE" altitudeIsAgl="TRUE" snapToGround="TRUE" snapToNormal="FALSE">
		<LibraryObject name="{97D8DB4F-21D3-4DE3-B66C-4FB8349E8F75}" scale="0.470000"/>
	</SceneryObject>
	<!--SceneryObject name: Tree_Palm01-->
	<SceneryObject lat="-27.07843604109078" lon="152.98643879745072" alt="0.00000000000000" pitch="0.000000" bank="0.000000" heading="-73.188113" imageComplexity="VERY_SPARSE" altitudeIsAgl="TRUE" snapToGround="TRUE" snapToNormal="FALSE">
		<LibraryObject name="{97D8DB4F-21D3-4DE3-B66C-4FB8349E8F75}" scale="0.470000"/>
	</SceneryObject>
	<!--SceneryObject name: Tree_Palm01-->
	<SceneryObject lat="-27.07838429771873" lon="152.98661695992735" alt="0.00000000000000" pitch="0.000000" bank="0.000000" heading="67.941982" imageComplexity="VERY_SPARSE" altitudeIsAgl="TRUE" snapToGround="TRUE" snapToNormal="FALSE">
		<LibraryObject name="{97D8DB4F-21D3-4DE3-B66C-4FB8349E8F75}" scale="0.470000"/>
	</SceneryObject>
	<Airport region="Caboolture" country="Australia" state="Queensland" city="Caboolture" name="Caboolture Aerodrome" ident="YCAB" lat="-27.07610738483036" lon="152.98512449183903" alt="-176.14057672303170" magvar="0.000000" trafficScalar="1.000000" airportTestRadius="2000.00000000000000" applyFlatten="FALSE" isOnTIN="FALSE" groundMergingTransfertBright="7.000000" groundMergingTransfertDark="7.000000">
		<TaxiwayParking index="3" type="RAMP_GA_MEDIUM" lat="-27.07788650777970" lon="152.98215692580905" heading="180.000000" radius="14.000000" name="NONE" number="4" suffix="NONE" pushBack="NONE" numberMarking="FALSE" numberBiasX="0.000000" numberBiasZ="0.000000" numberHeading="0.000000"/>
		<TaxiwayParking index="1" type="RAMP_GA_SMALL" lat="-27.07790019332222" lon="152.98313517714772" heading="180.000000" radius="5.000000" name="NONE" number="2" suffix="NONE" pushBack="NONE" numberMarking="FALSE" numberBiasX="0.000000" numberBiasZ="0.000000" numberHeading="0.000000"/>
		<TaxiwayParking index="2" type="RAMP_GA_SMALL" lat="-27.07776880702891" lon="152.98259701755578" heading="180.000000" radius="5.000000" name="NONE" number="3" suffix="NONE" pushBack="NONE" numberMarking="FALSE" numberBiasX="0.000000" numberBiasZ="0.000000" numberHeading="0.000000"/>
		<TaxiName index="0" name=""/>
		<Runway lat="-27.07604729256461" lon="152.98704567237525" alt="5.04070696886629" heading="76.00000000000000" length="810.58367919921875" width="24.00000000000000" patternAltitude="304.79998779296875" surface="{C2F72DA3-851D-466D-A492-E261E5435395}" transparent="TRUE" number="06" designator="NONE" primaryLanding="TRUE" primaryTakeoff="TRUE" primaryPattern="LEFT" secondaryLanding="TRUE" secondaryTakeoff="TRUE" secondaryPattern="LEFT" primaryMarkingBias="0.00000000000000" secondaryMarkingBias="0.00000000000000" groundMerging="TRUE" excludeVegetationAround="TRUE">
			<Markings edges="FALSE" threshold="FALSE" alternateThreshold="FALSE" fixedDistance="FALSE" alternateFixedDistance="FALSE" touchdown="FALSE" alternateTouchdown="FALSE" dashes="FALSE" ident="FALSE" leadingZeroIdent="FALSE" precision="FALSE" alternatePrecision="FALSE" edgePavement="FALSE" singleEnd="FALSE" primaryClosed="FALSE" secondaryClosed="FALSE" primaryStol="FALSE" secondaryStol="FALSE" noThresholdEndArrows="FALSE"/>
			<Lights center="NONE" edge="NONE"/>
			<RunwayStart end="PRIMARY" lat="-27.07519572371246" lon="152.99083967049683" alt="5.04278101120144" heading="257.00000000000000"/>
			<RunwayStart end="SECONDARY" lat="-27.07692511344418" lon="152.98312777963960" alt="5.04035629518330" heading="76.99999237060547"/>
		</Runway>
		<Runway lat="-27.07477448752299" lon="152.98536266456642" alt="6.38847785908729" heading="124.50000000000000" length="1208.00000000000000" width="50.00000000000000" patternAltitude="304.79998779296875" surface="{2E0DE83F-B79A-4435-905C-DCBBEAC55C59}" transparent="TRUE" number="12" designator="NONE" primaryLanding="TRUE" primaryTakeoff="TRUE" primaryPattern="LEFT" secondaryLanding="TRUE" secondaryTakeoff="TRUE" secondaryPattern="LEFT" primaryMarkingBias="0.00000000000000" secondaryMarkingBias="0.00000000000000" groundMerging="TRUE" excludeVegetationAround="TRUE">
			<Markings edges="FALSE" threshold="FALSE" alternateThreshold="FALSE" fixedDistance="FALSE" alternateFixedDistance="FALSE" touchdown="FALSE" alternateTouchdown="FALSE" dashes="FALSE" ident="FALSE" leadingZeroIdent="FALSE" precision="FALSE" alternatePrecision="FALSE" edgePavement="FALSE" singleEnd="FALSE" primaryClosed="FALSE" secondaryClosed="FALSE" primaryStol="FALSE" secondaryStol="FALSE" noThresholdEndArrows="FALSE"/>
			<Lights center="NONE" edge="NONE"/>
			<RunwayStart end="PRIMARY" lat="-27.07183013928586" lon="152.98066538764445" alt="6.37479672674090" heading="124.00000762939453"/>
			<RunwayStart end="SECONDARY" lat="-27.07786356595320" lon="152.99036660093671" alt="6.40585012640804" heading="304.00000000000000"/>
		</Runway>
		<Aprons>
			<Apron surface="{37AF92FE-A9CA-4A6A-AA94-5EDAA61AEC86}" drawSurface="TRUE" drawDetail="TRUE" localUV="FALSE" stretchUV="FALSE" priority="0" tiling="25.000000" heading="0.000000" falloff="0.000000" opacity="255" groundMerging="TRUE" excludeVegetationAround="TRUE" excludeVegetationInside="TRUE" isRectangle="FALSE">
				<Vertex lat="-27.07844493234327" lon="152.98674291251601"/>
				<Vertex lat="-27.07891491715561" lon="152.98667416728316"/>
				<Vertex lat="-27.07892360959028" lon="152.98667973946050"/>
				<Vertex lat="-27.07899261804571" lon="152.98712489068944"/>
				<Vertex lat="-27.07846780754635" lon="152.98722320161139"/>
				<Vertex lat="-27.07846235212559" lon="152.98721672624541"/>
				<Vertex lat="-27.07845917762099" lon="152.98719530637641"/>
				<Vertex lat="-27.07845809142840" lon="152.98718287381192"/>
				<Vertex lat="-27.07841304528180" lon="152.98687862476913"/>
				<Vertex lat="-27.07845442757680" lon="152.98687124522263"/>
				<Vertex lat="-27.07843971274885" lon="152.98679148748926"/>
			</Apron>
			<Apron surface="{85D02B2B-08A1-452E-AB07-6D5AE7F52884}" drawSurface="TRUE" drawDetail="TRUE" localUV="FALSE" stretchUV="FALSE" priority="0" tiling="25.000000" heading="0.000000" falloff="0.000000" opacity="255" groundMerging="TRUE" excludeVegetationAround="TRUE" excludeVegetationInside="TRUE" isRectangle="FALSE">
				<Vertex lat="-27.07919744676141" lon="152.98974207701934"/>
				<Vertex lat="-27.07914779443579" lon="152.98935824077461"/>
				<Vertex lat="-27.07920091673494" lon="152.98934913000738"/>
				<Vertex lat="-27.07917686296242" lon="152.98916525830342"/>
				<Vertex lat="-27.07912081122753" lon="152.98917489778589"/>
				<Vertex lat="-27.07907343016007" lon="152.98881422599354"/>
				<Vertex lat="-27.07912676910961" lon="152.98880781245302"/>
				<Vertex lat="-27.07910333721396" lon="152.98864550087507"/>
				<Vertex lat="-27.07905314615051" lon="152.98865334861091"/>
				<Vertex lat="-27.07900030175948" lon="152.98819130541938"/>
				<Vertex lat="-27.07898740536712" lon="152.98816659844962"/>
				<Vertex lat="-27.07896166616191" lon="152.98816341937163"/>
				<Vertex lat="-27.07892269130285" lon="152.98816202152915"/>
				<Vertex lat="-27.07806548583192" lon="152.98829423917530"/>
				<Vertex lat="-27.07805906149612" lon="152.98821404817670"/>
				<Vertex lat="-27.07801289896609" lon="152.98821378192147"/>
				<Vertex lat="-27.07796777281212" lon="152.98820853589476"/>
				<Vertex lat="-27.07793816549952" lon="152.98818502926412"/>
				<Vertex lat="-27.07791725866411" lon="152.98811832740361"/>
				<Vertex lat="-27.07790595289894" lon="152.98807621243520"/>
				<Vertex lat="-27.07787151952012" lon="152.98809065256981"/>
				<Vertex lat="-27.07783301796622" lon="152.98816537972277"/>
				<Vertex lat="-27.07782155222885" lon="152.98820889815113"/>
				<Vertex lat="-27.07779987212938" lon="152.98833763921746"/>
				<Vertex lat="-27.07782822521287" lon="152.98846575268431"/>
				<Vertex lat="-27.07789219008561" lon="152.98875481848830"/>
				<Vertex lat="-27.07792483441843" lon="152.98883954663762"/>
				<Vertex lat="-27.07800331761373" lon="152.98899637539449"/>
				<Vertex lat="-27.07806294447453" lon="152.98907659905694"/>
				<Vertex lat="-27.07821035748930" lon="152.98937369601572"/>
				<Vertex lat="-27.07822684590145" lon="152.98940912853760"/>
				<Vertex lat="-27.07822889849680" lon="152.98942997134361"/>
				<Vertex lat="-27.07817118230868" lon="152.98948981536483"/>
				<Vertex lat="-27.07809189539677" lon="152.98954872805697"/>
				<Vertex lat="-27.07802306367897" lon="152.98960967304433"/>
				<Vertex lat="-27.07800234167454" lon="152.98963296271694"/>
				<Vertex lat="-27.07806872457347" lon="152.98973890694825"/>
				<Vertex lat="-27.07812420891452" lon="152.98967301964009"/>
				<Vertex lat="-27.07819946653849" lon="152.98960171256232"/>
				<Vertex lat="-27.07826789429837" lon="152.98954727659230"/>
				<Vertex lat="-27.07830517961690" lon="152.98954321871830"/>
				<Vertex lat="-27.07835105591721" lon="152.98959669092153"/>
				<Vertex lat="-27.07839452967025" lon="152.98971389159504"/>
				<Vertex lat="-27.07840112423619" lon="152.98981069559488"/>
				<Vertex lat="-27.07845835070938" lon="152.98987469974537"/>
				<Vertex lat="-27.07865483147291" lon="152.98982040217848"/>
			</Apron>
			<Apron surface="{37AF92FE-A9CA-4A6A-AA94-5EDAA61AEC86}" drawSurface="TRUE" drawDetail="TRUE" localUV="FALSE" stretchUV="FALSE" priority="0" tiling="25.000000" heading="0.000000" falloff="0.000000" opacity="255" groundMerging="TRUE" excludeVegetationAround="TRUE" excludeVegetationInside="TRUE" isRectangle="FALSE">
				<Vertex lat="-27.07658211154699" lon="152.98715252567996"/>
				<Vertex lat="-27.07663932345870" lon="152.98717217095864"/>
				<Vertex lat="-27.07688210841338" lon="152.98625615920500"/>
				<Vertex lat="-27.07689210674012" lon="152.98622726923978"/>
				<Vertex lat="-27.07690404275254" lon="152.98620944812905"/>
				<Vertex lat="-27.07692476442383" lon="152.98619770569854"/>
				<Vertex lat="-27.07696358757151" lon="152.98618546036849"/>
				<Vertex lat="-27.07700588552137" lon="152.98619503826873"/>
				<Vertex lat="-27.07747461576070" lon="152.98636865563981"/>
				<Vertex lat="-27.07767414803784" lon="152.98640488326885"/>
				<Vertex lat="-27.07774871531765" lon="152.98642237539485"/>
				<Vertex lat="-27.07780863263690" lon="152.98642757722860"/>
				<Vertex lat="-27.07786903026435" lon="152.98643265099824"/>
				<Vertex lat="-27.07791163249431" lon="152.98642912034103"/>
				<Vertex lat="-27.07796114779072" lon="152.98643763211641"/>
				<Vertex lat="-27.07801715031591" lon="152.98645487028026"/>
				<Vertex lat="-27.07807351082638" lon="152.98646875693760"/>
				<Vertex lat="-27.07811295489499" lon="152.98649844787130"/>
				<Vertex lat="-27.07814056393205" lon="152.98653155031866"/>
				<Vertex lat="-27.07817226863630" lon="152.98657315294878"/>
				<Vertex lat="-27.07818210654390" lon="152.98659049491860"/>
				<Vertex lat="-27.07822700303783" lon="152.98667391077845"/>
				<Vertex lat="-27.07823938885085" lon="152.98676985117183"/>
				<Vertex lat="-27.07823415468023" lon="152.98686749283027"/>
				<Vertex lat="-27.07822139546563" lon="152.98694232059924"/>
				<Vertex lat="-27.07820230262512" lon="152.98701979257538"/>
				<Vertex lat="-27.07818042000184" lon="152.98709802311845"/>
				<Vertex lat="-27.07821320538569" lon="152.98710631073408"/>
				<Vertex lat="-27.07825813991996" lon="152.98692985285223"/>
				<Vertex lat="-27.07826519075360" lon="152.98692814049377"/>
				<Vertex lat="-27.07827132584501" lon="152.98696485037212"/>
				<Vertex lat="-27.07829905589050" lon="152.98704454970962"/>
				<Vertex lat="-27.07833539385078" lon="152.98711294173722"/>
				<Vertex lat="-27.07836628531306" lon="152.98715510838505"/>
				<Vertex lat="-27.07839736295055" lon="152.98717660605374"/>
				<Vertex lat="-27.07843465857744" lon="152.98718779916535"/>
				<Vertex lat="-27.07845896181760" lon="152.98718582486848"/>
				<Vertex lat="-27.07845508906685" lon="152.98714140640018"/>
				<Vertex lat="-27.07842631267362" lon="152.98714411865885"/>
				<Vertex lat="-27.07839351364828" lon="152.98713396665536"/>
				<Vertex lat="-27.07837002563403" lon="152.98710210756943"/>
				<Vertex lat="-27.07834732812642" lon="152.98706839731054"/>
				<Vertex lat="-27.07831951829273" lon="152.98700958339359"/>
				<Vertex lat="-27.07830921206504" lon="152.98697089872900"/>
				<Vertex lat="-27.07830202569008" lon="152.98693531596672"/>
				<Vertex lat="-27.07829418253930" lon="152.98689895442681"/>
				<Vertex lat="-27.07828725186827" lon="152.98686922993662"/>
				<Vertex lat="-27.07828975716392" lon="152.98683468008241"/>
				<Vertex lat="-27.07830497709352" lon="152.98681451268567"/>
				<Vertex lat="-27.07832682524553" lon="152.98679998847712"/>
				<Vertex lat="-27.07837025829110" lon="152.98679527243971"/>
				<Vertex lat="-27.07844041618224" lon="152.98679306463768"/>
				<Vertex lat="-27.07844494535249" lon="152.98674098118533"/>
				<Vertex lat="-27.07839862318279" lon="152.98674798574405"/>
				<Vertex lat="-27.07835777256858" lon="152.98674149813309"/>
				<Vertex lat="-27.07830634030499" lon="152.98672245484033"/>
				<Vertex lat="-27.07827630931431" lon="152.98669902874582"/>
				<Vertex lat="-27.07826118000849" lon="152.98666440830078"/>
				<Vertex lat="-27.07825688519799" lon="152.98662748284258"/>
				<Vertex lat="-27.07825124631064" lon="152.98661283586335"/>
				<Vertex lat="-27.07819459268227" lon="152.98651409006908"/>
				<Vertex lat="-27.07814977514146" lon="152.98646339990239"/>
				<Vertex lat="-27.07812356163329" lon="152.98642426686459"/>
				<Vertex lat="-27.07811588035700" lon="152.98640992367410"/>
				<Vertex lat="-27.07812060732698" lon="152.98638842949285"/>
				<Vertex lat="-27.07820916906957" lon="152.98637597758997"/>
				<Vertex lat="-27.07820759151217" lon="152.98634446904080"/>
				<Vertex lat="-27.07820086108136" lon="152.98632272889307"/>
				<Vertex lat="-27.07812436835468" lon="152.98634780759372"/>
				<Vertex lat="-27.07808119622868" lon="152.98634691088836"/>
				<Vertex lat="-27.07805686778765" lon="152.98633152694586"/>
				<Vertex lat="-27.07804732802484" lon="152.98630653339791"/>
				<Vertex lat="-27.07796943322944" lon="152.98635695833079"/>
				<Vertex lat="-27.07794021388034" lon="152.98638310819382"/>
				<Vertex lat="-27.07784692813496" lon="152.98638436268629"/>
				<Vertex lat="-27.07783806071404" lon="152.98638398046143"/>
				<Vertex lat="-27.07777510148845" lon="152.98637725135700"/>
				<Vertex lat="-27.07773306489781" lon="152.98636729845668"/>
				<Vertex lat="-27.07768127341901" lon="152.98635816722339"/>
				<Vertex lat="-27.07766663960277" lon="152.98627825945454"/>
				<Vertex lat="-27.07758423049552" lon="152.98624589683405"/>
				<Vertex lat="-27.07754428986024" lon="152.98624206052463"/>
				<Vertex lat="-27.07752648869743" lon="152.98627301032749"/>
				<Vertex lat="-27.07750446177933" lon="152.98630531889049"/>
				<Vertex lat="-27.07747282973001" lon="152.98631772418088"/>
				<Vertex lat="-27.07729212062299" lon="152.98625189311792"/>
				<Vertex lat="-27.07721619572352" lon="152.98622670364526"/>
				<Vertex lat="-27.07713584505844" lon="152.98619567880212"/>
				<Vertex lat="-27.07705934092652" lon="152.98616550537616"/>
				<Vertex lat="-27.07698830163189" lon="152.98613768380497"/>
				<Vertex lat="-27.07695417170058" lon="152.98610289383879"/>
				<Vertex lat="-27.07692962731353" lon="152.98604767768816"/>
				<Vertex lat="-27.07693359559599" lon="152.98598164079826"/>
				<Vertex lat="-27.07687992267600" lon="152.98595836639194"/>
			</Apron>
			<Apron surface="{37AF92FE-A9CA-4A6A-AA94-5EDAA61AEC86}" drawSurface="TRUE" drawDetail="TRUE" localUV="FALSE" stretchUV="FALSE" priority="0" tiling="25.000000" heading="0.000000" falloff="0.000000" opacity="255" groundMerging="TRUE" excludeVegetationAround="TRUE" excludeVegetationInside="TRUE" isRectangle="FALSE">
				<Vertex lat="-27.07759218682241" lon="152.98321237806033"/>
				<Vertex lat="-27.07797652554992" lon="152.98332064972635"/>
				<Vertex lat="-27.07799020861493" lon="152.98332562534748"/>
				<Vertex lat="-27.07801126709512" lon="152.98333432824612"/>
				<Vertex lat="-27.07802239734455" lon="152.98334694967647"/>
				<Vertex lat="-27.07802411880702" lon="152.98335566989746"/>
				<Vertex lat="-27.07802904691024" lon="152.98337116718901"/>
				<Vertex lat="-27.07802747335386" lon="152.98339524352116"/>
				<Vertex lat="-27.07801928481290" lon="152.98344281330287"/>
				<Vertex lat="-27.07800469281158" lon="152.98348641996850"/>
				<Vertex lat="-27.07800276617311" lon="152.98348772273300"/>
				<Vertex lat="-27.07791951070458" lon="152.98346184066170"/>
				<Vertex lat="-27.07789504094089" lon="152.98355914326001"/>
				<Vertex lat="-27.07798850568308" lon="152.98357907423676"/>
				<Vertex lat="-27.07793665758303" lon="152.98380576213080"/>
				<Vertex lat="-27.07783548075060" lon="152.98377299880212"/>
				<Vertex lat="-27.07781076909274" lon="152.98388903960983"/>
				<Vertex lat="-27.07790477280780" lon="152.98391811407362"/>
				<Vertex lat="-27.07790812301353" lon="152.98391988772360"/>
				<Vertex lat="-27.07791289573479" lon="152.98392353921622"/>
				<Vertex lat="-27.07789650657512" lon="152.98398776403755"/>
				<Vertex lat="-27.07778301735199" lon="152.98450003581564"/>
				<Vertex lat="-27.07777779477697" lon="152.98452074558367"/>
				<Vertex lat="-27.07777254806569" lon="152.98453658855180"/>
				<Vertex lat="-27.07776443258093" lon="152.98454384313317"/>
				<Vertex lat="-27.07774257870160" lon="152.98454323463289"/>
				<Vertex lat="-27.07767254820645" lon="152.98452174292083"/>
				<Vertex lat="-27.07762477180127" lon="152.98474363123782"/>
				<Vertex lat="-27.07765064815979" lon="152.98474967104298"/>
				<Vertex lat="-27.07767913109321" lon="152.98475797782203"/>
				<Vertex lat="-27.07769210512567" lon="152.98476713432800"/>
				<Vertex lat="-27.07769892531953" lon="152.98477290560311"/>
				<Vertex lat="-27.07770895761661" lon="152.98478619356121"/>
				<Vertex lat="-27.07771123612247" lon="152.98479486934474"/>
				<Vertex lat="-27.07770190787669" lon="152.98484631573041"/>
				<Vertex lat="-27.07769470018844" lon="152.98484975028660"/>
				<Vertex lat="-27.07759931893976" lon="152.98481809520294"/>
				<Vertex lat="-27.07758427801919" lon="152.98492334153863"/>
				<Vertex lat="-27.07765619154640" lon="152.98494178930915"/>
				<Vertex lat="-27.07766757973063" lon="152.98494467726081"/>
				<Vertex lat="-27.07767450188705" lon="152.98494759265628"/>
				<Vertex lat="-27.07767973688282" lon="152.98495720973185"/>
				<Vertex lat="-27.07770438960783" lon="152.98496574663525"/>
				<Vertex lat="-27.07771045228641" lon="152.98496187764698"/>
				<Vertex lat="-27.07771447372966" lon="152.98495086438001"/>
				<Vertex lat="-27.07782162685978" lon="152.98449634320548"/>
				<Vertex lat="-27.07807614846044" lon="152.98338811181000"/>
				<Vertex lat="-27.07807812938056" lon="152.98338025222256"/>
				<Vertex lat="-27.07808141865214" lon="152.98336717755896"/>
				<Vertex lat="-27.07808004744669" lon="152.98335263952939"/>
				<Vertex lat="-27.07807983739296" lon="152.98333849476651"/>
				<Vertex lat="-27.07807864352622" lon="152.98332827575101"/>
				<Vertex lat="-27.07807495941181" lon="152.98331797789484"/>
				<Vertex lat="-27.07806746029454" lon="152.98330788359422"/>
				<Vertex lat="-27.07806130293032" lon="152.98330242894650"/>
				<Vertex lat="-27.07760314061635" lon="152.98317198200772"/>
			</Apron>
			<Apron surface="{37AF92FE-A9CA-4A6A-AA94-5EDAA61AEC86}" drawSurface="TRUE" drawDetail="TRUE" localUV="FALSE" stretchUV="FALSE" priority="0" tiling="25.000000" heading="0.000000" falloff="0.000000" opacity="255" groundMerging="TRUE" excludeVegetationAround="TRUE" excludeVegetationInside="TRUE" isRectangle="FALSE">
				<Vertex lat="-27.07770074498114" lon="152.98514638427901"/>
				<Vertex lat="-27.07776614389124" lon="152.98516722354270"/>
				<Vertex lat="-27.07777201033919" lon="152.98516352134601"/>
				<Vertex lat="-27.07777638708540" lon="152.98515101964293"/>
				<Vertex lat="-27.07778273077616" lon="152.98513432587069"/>
				<Vertex lat="-27.07778680949446" lon="152.98511683218635"/>
				<Vertex lat="-27.07779401601629" lon="152.98509896028168"/>
				<Vertex lat="-27.07793297964524" lon="152.98513958221355"/>
				<Vertex lat="-27.07792734699199" lon="152.98516200111456"/>
				<Vertex lat="-27.07792395338704" lon="152.98519533752795"/>
				<Vertex lat="-27.07791852208761" lon="152.98521563109614"/>
				<Vertex lat="-27.07790704376971" lon="152.98527541101549"/>
				<Vertex lat="-27.07790032424772" lon="152.98527475365276"/>
				<Vertex lat="-27.07788287249414" lon="152.98527061012155"/>
				<Vertex lat="-27.07786660610967" lon="152.98527236529881"/>
				<Vertex lat="-27.07784342090502" lon="152.98528310500808"/>
				<Vertex lat="-27.07782858344752" lon="152.98530073870077"/>
				<Vertex lat="-27.07780957145745" lon="152.98532143994387"/>
				<Vertex lat="-27.07779860456109" lon="152.98534156536758"/>
				<Vertex lat="-27.07778831493983" lon="152.98536928324091"/>
				<Vertex lat="-27.07778161807240" lon="152.98539086093948"/>
				<Vertex lat="-27.07777719811927" lon="152.98541226416108"/>
				<Vertex lat="-27.07778152763258" lon="152.98541840362975"/>
				<Vertex lat="-27.07788375136525" lon="152.98545016501092"/>
				<Vertex lat="-27.07784007382346" lon="152.98562442022327"/>
				<Vertex lat="-27.07774330295879" lon="152.98559527971841"/>
				<Vertex lat="-27.07773396192323" lon="152.98559510514954"/>
				<Vertex lat="-27.07773093400603" lon="152.98560834462432"/>
				<Vertex lat="-27.07771094185089" lon="152.98569271165476"/>
				<Vertex lat="-27.07780124634357" lon="152.98572398221430"/>
				<Vertex lat="-27.07774348624465" lon="152.98599960246099"/>
				<Vertex lat="-27.07767169316990" lon="152.98596867324696"/>
				<Vertex lat="-27.07765177710032" lon="152.98596253110304"/>
				<Vertex lat="-27.07764124365717" lon="152.98598960463352"/>
				<Vertex lat="-27.07758418878619" lon="152.98625537870015"/>
				<Vertex lat="-27.07754537236432" lon="152.98624706579767"/>
				<Vertex lat="-27.07754123847518" lon="152.98621955138017"/>
				<Vertex lat="-27.07754573093595" lon="152.98615490585766"/>
				<Vertex lat="-27.07755550213065" lon="152.98610036624754"/>
				<Vertex lat="-27.07756675146322" lon="152.98603645976598"/>
				<Vertex lat="-27.07772041322449" lon="152.98542823371494"/>
				<Vertex lat="-27.07772899627546" lon="152.98538779344059"/>
				<Vertex lat="-27.07772917495755" lon="152.98533674009255"/>
				<Vertex lat="-27.07772210924007" lon="152.98530386704374"/>
				<Vertex lat="-27.07771092817779" lon="152.98527010130513"/>
				<Vertex lat="-27.07769589250716" lon="152.98525483050534"/>
				<Vertex lat="-27.07767701350629" lon="152.98523906997886"/>
			</Apron>
			<Apron surface="{37AF92FE-A9CA-4A6A-AA94-5EDAA61AEC86}" drawSurface="TRUE" drawDetail="TRUE" localUV="FALSE" stretchUV="FALSE" priority="0" tiling="25.000000" heading="0.000000" falloff="0.000000" opacity="255" groundMerging="TRUE" excludeVegetationAround="TRUE" excludeVegetationInside="TRUE" isRectangle="FALSE">
				<Vertex lat="-27.07720199102743" lon="152.98465182128771"/>
				<Vertex lat="-27.07723049926838" lon="152.98465960978504"/>
				<Vertex lat="-27.07751330626055" lon="152.98324948076561"/>
				<Vertex lat="-27.07753577237592" lon="152.98323240965530"/>
				<Vertex lat="-27.07754719141423" lon="152.98322435152463"/>
				<Vertex lat="-27.07755816329627" lon="152.98321842902479"/>
				<Vertex lat="-27.07756889759708" lon="152.98321690927111"/>
				<Vertex lat="-27.07758322228208" lon="152.98321342905643"/>
				<Vertex lat="-27.07759284286149" lon="152.98321385562593"/>
				<Vertex lat="-27.07760319066797" lon="152.98317397636066"/>
				<Vertex lat="-27.07758955986248" lon="152.98316422479789"/>
				<Vertex lat="-27.07757488930760" lon="152.98315265767414"/>
				<Vertex lat="-27.07755950483565" lon="152.98313414387133"/>
				<Vertex lat="-27.07754737965860" lon="152.98308807488968"/>
				<Vertex lat="-27.07754675987407" lon="152.98305043028569"/>
				<Vertex lat="-27.07798217533763" lon="152.98079513067589"/>
				<Vertex lat="-27.07798645049784" lon="152.98076624962428"/>
				<Vertex lat="-27.07799373336309" lon="152.98072538015032"/>
				<Vertex lat="-27.07799717669850" lon="152.98070076020602"/>
				<Vertex lat="-27.07799892695123" lon="152.98067792082293"/>
				<Vertex lat="-27.07799669133717" lon="152.98067204797729"/>
				<Vertex lat="-27.07798954571060" lon="152.98066708741354"/>
				<Vertex lat="-27.07798890219470" lon="152.98066690999079"/>
				<Vertex lat="-27.07797890645056" lon="152.98066947343457"/>
				<Vertex lat="-27.07797215292481" lon="152.98067972859249"/>
				<Vertex lat="-27.07796261808086" lon="152.98072173284422"/>
				<Vertex lat="-27.07751762547965" lon="152.98300460996802"/>
				<Vertex lat="-27.07751125668444" lon="152.98301646230257"/>
				<Vertex lat="-27.07749870087920" lon="152.98302519131789"/>
				<Vertex lat="-27.07747145915368" lon="152.98302480000132"/>
				<Vertex lat="-27.07734150590809" lon="152.98298593047252"/>
				<Vertex lat="-27.07733517737422" lon="152.98298890911772"/>
				<Vertex lat="-27.07733028317946" lon="152.98299925697989"/>
				<Vertex lat="-27.07732402096680" lon="152.98302399661492"/>
				<Vertex lat="-27.07732136713447" lon="152.98304501586912"/>
				<Vertex lat="-27.07732235022137" lon="152.98305842309975"/>
				<Vertex lat="-27.07733613437504" lon="152.98306497347659"/>
				<Vertex lat="-27.07745667534205" lon="152.98309366193652"/>
				<Vertex lat="-27.07746936166881" lon="152.98310589084616"/>
				<Vertex lat="-27.07747492893883" lon="152.98311933056331"/>
				<Vertex lat="-27.07748205761989" lon="152.98313161180857"/>
				<Vertex lat="-27.07749003792127" lon="152.98314631690997"/>
				<Vertex lat="-27.07749222697793" lon="152.98316631738908"/>
			</Apron>
			<Apron surface="{37AF92FE-A9CA-4A6A-AA94-5EDAA61AEC86}" drawSurface="TRUE" drawDetail="TRUE" localUV="FALSE" stretchUV="FALSE" priority="0" tiling="25.000000" heading="0.000000" falloff="0.000000" opacity="255" groundMerging="TRUE" excludeVegetationAround="TRUE" excludeVegetationInside="TRUE" isRectangle="FALSE">
				<Vertex lat="-27.07688060356763" lon="152.98596019012635"/>
				<Vertex lat="-27.07693425677042" lon="152.98598384086972"/>
				<Vertex lat="-27.07707793339570" lon="152.98540641816857"/>
				<Vertex lat="-27.07724062991433" lon="152.98545105811920"/>
				<Vertex lat="-27.07719766302352" lon="152.98564280837874"/>
				<Vertex lat="-27.07740987753926" lon="152.98571264782296"/>
				<Vertex lat="-27.07743539359015" lon="152.98561399511962"/>
				<Vertex lat="-27.07745183764936" lon="152.98562047050581"/>
				<Vertex lat="-27.07746525647434" lon="152.98560882975116"/>
				<Vertex lat="-27.07749687588676" lon="152.98553470705119"/>
				<Vertex lat="-27.07752669429034" lon="152.98537618736614"/>
				<Vertex lat="-27.07756159353521" lon="152.98526878975687"/>
				<Vertex lat="-27.07760664089697" lon="152.98523545097871"/>
				<Vertex lat="-27.07765704001757" lon="152.98523701045335"/>
				<Vertex lat="-27.07768112239466" lon="152.98524343015288"/>
				<Vertex lat="-27.07769762420110" lon="152.98516587082369"/>
				<Vertex lat="-27.07770680878642" lon="152.98514935807052"/>
				<Vertex lat="-27.07769950860564" lon="152.98513594484737"/>
				<Vertex lat="-27.07769545779553" lon="152.98508404354604"/>
				<Vertex lat="-27.07770623764226" lon="152.98496429058366"/>
				<Vertex lat="-27.07767970157183" lon="152.98495657810290"/>
				<Vertex lat="-27.07765582484222" lon="152.98505673623427"/>
				<Vertex lat="-27.07764554599091" lon="152.98508043601626"/>
				<Vertex lat="-27.07762580917791" lon="152.98512438951352"/>
				<Vertex lat="-27.07760521396973" lon="152.98515244007342"/>
				<Vertex lat="-27.07743277233002" lon="152.98512074966746"/>
				<Vertex lat="-27.07735819087518" lon="152.98509496855362"/>
				<Vertex lat="-27.07731111371290" lon="152.98506311894621"/>
				<Vertex lat="-27.07728048761707" lon="152.98503317851558"/>
				<Vertex lat="-27.07725363039197" lon="152.98500126917935"/>
				<Vertex lat="-27.07723465565385" lon="152.98496483514845"/>
				<Vertex lat="-27.07724065879335" lon="152.98490473446665"/>
				<Vertex lat="-27.07726367128965" lon="152.98482852219800"/>
				<Vertex lat="-27.07737935594679" lon="152.98486005106110"/>
				<Vertex lat="-27.07741294764048" lon="152.98470474063512"/>
				<Vertex lat="-27.07729098660918" lon="152.98467315357615"/>
				<Vertex lat="-27.07723154623157" lon="152.98465983304783"/>
				<Vertex lat="-27.07720202354568" lon="152.98465170552129"/>
			</Apron>
			<Apron surface="{37AF92FE-A9CA-4A6A-AA94-5EDAA61AEC86}" drawSurface="TRUE" drawDetail="TRUE" localUV="FALSE" stretchUV="FALSE" priority="0" tiling="25.000000" heading="0.000000" falloff="0.000000" opacity="255" groundMerging="TRUE" excludeVegetationAround="TRUE" excludeVegetationInside="TRUE" isRectangle="FALSE">
				<Vertex lat="-27.07645049808241" lon="152.98717378743194"/>
				<Vertex lat="-27.07640798495274" lon="152.98723172131307"/>
				<Vertex lat="-27.07646811658858" lon="152.98732492239898"/>
				<Vertex lat="-27.07649646520192" lon="152.98738228659212"/>
				<Vertex lat="-27.07650354405675" lon="152.98743721807836"/>
				<Vertex lat="-27.07649206765516" lon="152.98746307793400"/>
				<Vertex lat="-27.07646098724913" lon="152.98750623562677"/>
				<Vertex lat="-27.07644593646355" lon="152.98753178442243"/>
				<Vertex lat="-27.07648482360381" lon="152.98757257903185"/>
				<Vertex lat="-27.07651937894508" lon="152.98752974983063"/>
				<Vertex lat="-27.07654417687095" lon="152.98751303624024"/>
				<Vertex lat="-27.07657483568537" lon="152.98750853798617"/>
				<Vertex lat="-27.07660559903886" lon="152.98755607501499"/>
				<Vertex lat="-27.07712866392029" lon="152.98839569464985"/>
				<Vertex lat="-27.07715836205064" lon="152.98842031808181"/>
				<Vertex lat="-27.07720060606177" lon="152.98843632112460"/>
				<Vertex lat="-27.07725783671541" lon="152.98843453689400"/>
				<Vertex lat="-27.07729193573276" lon="152.98841066844378"/>
				<Vertex lat="-27.07747841425246" lon="152.98824946359258"/>
				<Vertex lat="-27.07772030144759" lon="152.98804451414981"/>
				<Vertex lat="-27.07778569213196" lon="152.98800263841665"/>
				<Vertex lat="-27.07783151448608" lon="152.98799395972904"/>
				<Vertex lat="-27.07785126831096" lon="152.98800488860232"/>
				<Vertex lat="-27.07787454316183" lon="152.98803635308641"/>
				<Vertex lat="-27.07787155247010" lon="152.98809106622355"/>
				<Vertex lat="-27.07790548582611" lon="152.98807673199099"/>
				<Vertex lat="-27.07790702136009" lon="152.98800627620821"/>
				<Vertex lat="-27.07797824201452" lon="152.98784715083849"/>
				<Vertex lat="-27.07799711752552" lon="152.98781624049010"/>
				<Vertex lat="-27.07827526408962" lon="152.98777334338249"/>
				<Vertex lat="-27.07827079296388" lon="152.98770000108652"/>
				<Vertex lat="-27.07821067354633" lon="152.98765703010002"/>
				<Vertex lat="-27.07814134730360" lon="152.98760227642978"/>
				<Vertex lat="-27.07813109527095" lon="152.98753943878040"/>
				<Vertex lat="-27.07814109823549" lon="152.98745106390624"/>
				<Vertex lat="-27.07815064880105" lon="152.98738764989059"/>
				<Vertex lat="-27.07817111181184" lon="152.98733952601259"/>
				<Vertex lat="-27.07821625177083" lon="152.98732046449780"/>
				<Vertex lat="-27.07821632134009" lon="152.98728152842915"/>
				<Vertex lat="-27.07818936036520" lon="152.98726119307122"/>
				<Vertex lat="-27.07819244460887" lon="152.98720283031008"/>
				<Vertex lat="-27.07820505265211" lon="152.98713839093790"/>
				<Vertex lat="-27.07821216434790" lon="152.98710542952088"/>
				<Vertex lat="-27.07818100803926" lon="152.98709820004188"/>
				<Vertex lat="-27.07810645872774" lon="152.98740557387427"/>
				<Vertex lat="-27.07808967428813" lon="152.98757982893665"/>
				<Vertex lat="-27.07805009219992" lon="152.98769071231152"/>
				<Vertex lat="-27.07800325220109" lon="152.98775183567091"/>
				<Vertex lat="-27.07784670275425" lon="152.98789870278955"/>
				<Vertex lat="-27.07726063616536" lon="152.98837100451746"/>
				<Vertex lat="-27.07720818407429" lon="152.98837517940481"/>
				<Vertex lat="-27.07714289246530" lon="152.98834232687511"/>
				<Vertex lat="-27.07659334644030" lon="152.98745120780364"/>
				<Vertex lat="-27.07658545741240" lon="152.98738687343905"/>
				<Vertex lat="-27.07660782101607" lon="152.98729696250507"/>
				<Vertex lat="-27.07663935595818" lon="152.98717204285873"/>
				<Vertex lat="-27.07658233439719" lon="152.98715190340135"/>
				<Vertex lat="-27.07654380387388" lon="152.98719555502481"/>
				<Vertex lat="-27.07648852426026" lon="152.98719503708006"/>
			</Apron>
			<Apron surface="{141FA97F-4B4F-477E-848D-989CC534031B}" drawSurface="TRUE" drawDetail="TRUE" localUV="FALSE" stretchUV="FALSE" priority="0" tiling="25.000000" heading="5.218535" falloff="0.000000" opacity="255" groundMerging="TRUE" excludeVegetationAround="TRUE" excludeVegetationInside="TRUE" isRectangle="FALSE">
				<Vertex lat="-27.07712576660542" lon="152.98495831758197"/>
				<Vertex lat="-27.07714769319089" lon="152.98496124942551"/>
				<Vertex lat="-27.07709777188596" lon="152.98518847934434"/>
				<Vertex lat="-27.07707896060608" lon="152.98518439341109"/>
				<Vertex lat="-27.07706895367894" lon="152.98516399290085"/>
				<Vertex lat="-27.07706297123025" lon="152.98511471515599"/>
				<Vertex lat="-27.07705797921477" lon="152.98510289707116"/>
				<Vertex lat="-27.07705165529323" lon="152.98509066707999"/>
				<Vertex lat="-27.07703015427809" lon="152.98507933387941"/>
				<Vertex lat="-27.07697369138970" lon="152.98506125700246"/>
				<Vertex lat="-27.07699003924376" lon="152.98498664962526"/>
				<Vertex lat="-27.07701990528991" lon="152.98499354084549"/>
				<Vertex lat="-27.07703649202135" lon="152.98500186389168"/>
				<Vertex lat="-27.07706373860882" lon="152.98500715240107"/>
				<Vertex lat="-27.07708459928613" lon="152.98500014519945"/>
				<Vertex lat="-27.07711390342169" lon="152.98497837216405"/>
			</Apron>
			<Apron surface="{37AF92FE-A9CA-4A6A-AA94-5EDAA61AEC86}" drawSurface="TRUE" drawDetail="TRUE" localUV="FALSE" stretchUV="FALSE" priority="0" tiling="25.000000" heading="0.000000" falloff="0.000000" opacity="255" groundMerging="TRUE" excludeVegetationAround="TRUE" excludeVegetationInside="TRUE" isRectangle="FALSE">
				<Vertex lat="-27.07695652638189" lon="152.98697139774808"/>
				<Vertex lat="-27.07694805938898" lon="152.98697232935930"/>
				<Vertex lat="-27.07693991778455" lon="152.98697508835923"/>
				<Vertex lat="-27.07693241443591" lon="152.98697956874122"/>
				<Vertex lat="-27.07692583770015" lon="152.98698559831163"/>
				<Vertex lat="-27.07692044031067" lon="152.98699294536976"/>
				<Vertex lat="-27.07691642968341" lon="152.98700132756474"/>
				<Vertex lat="-27.07691395995646" lon="152.98701042276656"/>
				<Vertex lat="-27.07691312603255" lon="152.98701988146729"/>
				<Vertex lat="-27.07691395995739" lon="152.98702934016896"/>
				<Vertex lat="-27.07691642968957" lon="152.98703843538107"/>
				<Vertex lat="-27.07692044031089" lon="152.98704681756831"/>
				<Vertex lat="-27.07692583769956" lon="152.98705416462843"/>
				<Vertex lat="-27.07693241444026" lon="152.98706019420297"/>
				<Vertex lat="-27.07693991778549" lon="152.98706467457566"/>
				<Vertex lat="-27.07694805939421" lon="152.98706743359324"/>
				<Vertex lat="-27.07695652638576" lon="152.98706836518167"/>
				<Vertex lat="-27.07696499336896" lon="152.98706743358761"/>
				<Vertex lat="-27.07697313497912" lon="152.98706467458996"/>
				<Vertex lat="-27.07698063832797" lon="152.98706019421269"/>
				<Vertex lat="-27.07698721507182" lon="152.98705416463798"/>
				<Vertex lat="-27.07699261246283" lon="152.98704681757960"/>
				<Vertex lat="-27.07699662308171" lon="152.98703843538755"/>
				<Vertex lat="-27.07699909281419" lon="152.98702934016498"/>
				<Vertex lat="-27.07699992674018" lon="152.98701988145834"/>
				<Vertex lat="-27.07699909280829" lon="152.98701042275033"/>
				<Vertex lat="-27.07699662308263" lon="152.98700132753967"/>
				<Vertex lat="-27.07699261245634" lon="152.98699294534293"/>
				<Vertex lat="-27.07698721506035" lon="152.98698559828597"/>
				<Vertex lat="-27.07698063832157" lon="152.98697956871436"/>
				<Vertex lat="-27.07697313496729" lon="152.98697508834545"/>
				<Vertex lat="-27.07696499335808" lon="152.98697232935044"/>
			</Apron>
			<Apron surface="{37AF92FE-A9CA-4A6A-AA94-5EDAA61AEC86}" drawSurface="TRUE" drawDetail="TRUE" localUV="FALSE" stretchUV="FALSE" priority="0" tiling="25.000000" heading="0.000000" falloff="0.000000" opacity="255" groundMerging="TRUE" excludeVegetationAround="TRUE" excludeVegetationInside="TRUE" isRectangle="FALSE">
				<Vertex lat="-27.07691925084216" lon="152.98708331882017"/>
				<Vertex lat="-27.07690483562470" lon="152.98708490490793"/>
				<Vertex lat="-27.07689097437792" lon="152.98708960219764"/>
				<Vertex lat="-27.07687819978105" lon="152.98709723017367"/>
				<Vertex lat="-27.07686700275460" lon="152.98710749569696"/>
				<Vertex lat="-27.07685781359334" lon="152.98712000426798"/>
				<Vertex lat="-27.07685098543132" lon="152.98713427519058"/>
				<Vertex lat="-27.07684678067027" lon="152.98714976004115"/>
				<Vertex lat="-27.07684536089674" lon="152.98716586374729"/>
				<Vertex lat="-27.07684678067155" lon="152.98718196745327"/>
				<Vertex lat="-27.07685098543359" lon="152.98719745230369"/>
				<Vertex lat="-27.07685781359697" lon="152.98721172322522"/>
				<Vertex lat="-27.07686700275917" lon="152.98722423179592"/>
				<Vertex lat="-27.07687819978648" lon="152.98723449731744"/>
				<Vertex lat="-27.07689097438379" lon="152.98724212529223"/>
				<Vertex lat="-27.07690483563124" lon="152.98724682258052"/>
				<Vertex lat="-27.07691925084866" lon="152.98724840866717"/>
				<Vertex lat="-27.07693366606789" lon="152.98724682259819"/>
				<Vertex lat="-27.07694752731960" lon="152.98724212532483"/>
				<Vertex lat="-27.07696030192371" lon="152.98723449735937"/>
				<Vertex lat="-27.07697149895829" lon="152.98722423183909"/>
				<Vertex lat="-27.07698068812768" lon="152.98721172326330"/>
				<Vertex lat="-27.07698751629651" lon="152.98719745232816"/>
				<Vertex lat="-27.07699172106150" lon="152.98718196745958"/>
				<Vertex lat="-27.07699314083555" lon="152.98716586373274"/>
				<Vertex lat="-27.07699172105764" lon="152.98714976000645"/>
				<Vertex lat="-27.07698751628903" lon="152.98713427513900"/>
				<Vertex lat="-27.07698068811704" lon="152.98712000420599"/>
				<Vertex lat="-27.07697149894465" lon="152.98710749563213"/>
				<Vertex lat="-27.07696030190739" lon="152.98709723011561"/>
				<Vertex lat="-27.07694752730166" lon="152.98708960215393"/>
				<Vertex lat="-27.07693366604884" lon="152.98708490488460"/>
			</Apron>
			<Apron surface="{37AF92FE-A9CA-4A6A-AA94-5EDAA61AEC86}" drawSurface="TRUE" drawDetail="TRUE" localUV="FALSE" stretchUV="FALSE" priority="0" tiling="25.000000" heading="0.000000" falloff="0.000000" opacity="255" groundMerging="TRUE" excludeVegetationAround="TRUE" excludeVegetationInside="TRUE" isRectangle="FALSE">
				<Vertex lat="-27.07526940376094" lon="152.98470307920201"/>
				<Vertex lat="-27.07526031287211" lon="152.98469907403842"/>
				<Vertex lat="-27.07525290085269" lon="152.98469855641375"/>
				<Vertex lat="-27.07524861280210" lon="152.98470205150716"/>
				<Vertex lat="-27.07524636671144" lon="152.98471800939618"/>
				<Vertex lat="-27.07525590629961" lon="152.98472834721755"/>
				<Vertex lat="-27.07529695264397" lon="152.98476839425155"/>
				<Vertex lat="-27.07533358299690" lon="152.98478737006221"/>
				<Vertex lat="-27.07536878000537" lon="152.98479881864941"/>
				<Vertex lat="-27.07539598706802" lon="152.98480449271995"/>
				<Vertex lat="-27.07542091155464" lon="152.98480477770218"/>
				<Vertex lat="-27.07545772985988" lon="152.98480622455779"/>
				<Vertex lat="-27.07550601622719" lon="152.98480104758875"/>
				<Vertex lat="-27.07561091224748" lon="152.98479260680722"/>
				<Vertex lat="-27.07567582627431" lon="152.98478642868949"/>
				<Vertex lat="-27.07583979730032" lon="152.98477810637766"/>
				<Vertex lat="-27.07591248875716" lon="152.98477545432183"/>
				<Vertex lat="-27.07600001891580" lon="152.98478632752787"/>
				<Vertex lat="-27.07606385596828" lon="152.98479852911120"/>
				<Vertex lat="-27.07608628854907" lon="152.98480789037990"/>
				<Vertex lat="-27.07609255569401" lon="152.98480192982197"/>
				<Vertex lat="-27.07609708119140" lon="152.98479077022404"/>
				<Vertex lat="-27.07610179929841" lon="152.98476604369324"/>
				<Vertex lat="-27.07610195050207" lon="152.98475311023506"/>
				<Vertex lat="-27.07606031146713" lon="152.98473854411466"/>
				<Vertex lat="-27.07596097298023" lon="152.98472759328268"/>
				<Vertex lat="-27.07585476480934" lon="152.98472881886582"/>
				<Vertex lat="-27.07575545891223" lon="152.98473452799021"/>
				<Vertex lat="-27.07567809330073" lon="152.98474046326263"/>
				<Vertex lat="-27.07552709400306" lon="152.98475547798270"/>
				<Vertex lat="-27.07551216437468" lon="152.98475635041447"/>
				<Vertex lat="-27.07549105194721" lon="152.98475695329986"/>
				<Vertex lat="-27.07546881109427" lon="152.98475844295737"/>
				<Vertex lat="-27.07544707642139" lon="152.98475862133992"/>
				<Vertex lat="-27.07541107049117" lon="152.98475473886754"/>
				<Vertex lat="-27.07537165418758" lon="152.98474738468889"/>
				<Vertex lat="-27.07535615534434" lon="152.98474325479086"/>
				<Vertex lat="-27.07533200566853" lon="152.98473509959825"/>
				<Vertex lat="-27.07530146779512" lon="152.98471702173063"/>
				<Vertex lat="-27.07528615447884" lon="152.98471035225987"/>
			</Apron>
			<Apron surface="{85D02B2B-08A1-452E-AB07-6D5AE7F52884}" drawSurface="TRUE" drawDetail="TRUE" localUV="FALSE" stretchUV="FALSE" priority="0" tiling="25.000000" heading="0.000000" falloff="0.000000" opacity="255" groundMerging="TRUE" excludeVegetationAround="TRUE" excludeVegetationInside="TRUE" isRectangle="FALSE">
				<Vertex lat="-27.07168153068108" lon="152.98034458637196"/>
				<Vertex lat="-27.07162031999319" lon="152.98039420967424"/>
				<Vertex lat="-27.07281619138136" lon="152.98230098014119"/>
				<Vertex lat="-27.07288844854774" lon="152.98241678189589"/>
				<Vertex lat="-27.07290061531517" lon="152.98242978008750"/>
				<Vertex lat="-27.07290860657572" lon="152.98242964262926"/>
				<Vertex lat="-27.07292342977545" lon="152.98242171157000"/>
				<Vertex lat="-27.07293948204833" lon="152.98240926113002"/>
				<Vertex lat="-27.07294916390391" lon="152.98239729880729"/>
				<Vertex lat="-27.07295095199093" lon="152.98238622463276"/>
			</Apron>
			<Apron surface="{361CC0CD-4A11-4E23-AAF8-3C1EC1054423}" drawSurface="TRUE" drawDetail="TRUE" localUV="FALSE" stretchUV="FALSE" priority="0" tiling="25.000000" heading="0.000000" falloff="0.000000" opacity="255" groundMerging="TRUE" excludeVegetationAround="TRUE" excludeVegetationInside="TRUE" isRectangle="FALSE">
				<Vertex lat="-27.07821732439279" lon="152.98728023555330"/>
				<Vertex lat="-27.07826951607816" lon="152.98770288968396"/>
				<Vertex lat="-27.07827689696441" lon="152.98777282919565"/>
				<Vertex lat="-27.07800148887415" lon="152.98781416973344"/>
				<Vertex lat="-27.07804919457330" lon="152.98821530365436"/>
				<Vertex lat="-27.07806310264194" lon="152.98821288864241"/>
				<Vertex lat="-27.07806315307448" lon="152.98827512215450"/>
				<Vertex lat="-27.07893004537848" lon="152.98816481629282"/>
				<Vertex lat="-27.07905688542617" lon="152.98814331290677"/>
				<Vertex lat="-27.07909674343716" lon="152.98813224054115"/>
				<Vertex lat="-27.07912053136119" lon="152.98812147455365"/>
				<Vertex lat="-27.07899021519120" lon="152.98712260466343"/>
				<Vertex lat="-27.07846915236648" lon="152.98722007048102"/>
			</Apron>
		</Aprons>
		<PaintedElements/>
		<ApronEdgeLights/>
		<DeleteAirport deleteAllApproaches="TRUE" deleteAllApronLights="TRUE" deleteAllAprons="TRUE" deleteAllFrequencies="FALSE" deleteAllHelipads="FALSE" deleteAllRunways="TRUE" deleteAllStarts="TRUE" deleteAllTaxiways="FALSE" deleteAllBlastFences="FALSE" deleteAllBoundaryFences="FALSE" deleteAllJetways="FALSE" deleteAllControlTowers="FALSE" deleteAllDepartures="FALSE" deleteAllArrivals="FALSE" deleteAllPaintedElements="FALSE" deleteAllLightSupports="FALSE" deleteAllTaxiwaySigns="TRUE" deleteAllILSs="FALSE" deleteAllTerminalWaypoints="FALSE" deleteAllTerminalNDBs="FALSE"/>
	</Airport>
</FSData>

