<?xml version="1.0"?>
<FSData version="9.0">
	<!--SceneryObject name: BarrelBlue01-->
	<SceneryObject lat="-27.07740117756489" lon="152.98552399075433" alt="0.00000000000000" pitch="0.000000" bank="0.000000" heading="-13.842294" imageComplexity="VERY_SPARSE" altitudeIsAgl="TRUE" snapToGround="TRUE" snapToNormal="FALSE">
		<LibraryObject name="{AFE9020C-787F-4BC1-A3A6-3F47C7500544}" scale="1.350001"/>
	</SceneryObject>
	<!--SceneryObject name: Cone_Long_Red-->
	<SceneryObject lat="-27.07731082813705" lon="152.98547323067575" alt="0.00000000000000" pitch="0.000000" bank="0.000000" heading="-13.842294" imageComplexity="VERY_SPARSE" altitudeIsAgl="TRUE" snapToGround="TRUE" snapToNormal="FALSE">
		<LibraryObject name="{53C10CB0-8100-437A-A9E6-308439E67877}" scale="1.350001"/>
	</SceneryObject>
	<!--SceneryObject name: Cone_Long_Red-->
	<SceneryObject lat="-27.07730669128983" lon="152.98546750991366" alt="0.00000000000000" pitch="0.000000" bank="0.000000" heading="-13.842294" imageComplexity="VERY_SPARSE" altitudeIsAgl="TRUE" snapToGround="TRUE" snapToNormal="FALSE">
		<LibraryObject name="{53C10CB0-8100-437A-A9E6-308439E67877}" scale="1.350001"/>
	</SceneryObject>
	<!--SceneryObject name: Cone_Red-->
	<SceneryObject lat="-27.07741328955030" lon="152.98551885566400" alt="0.00000000000000" pitch="0.000000" bank="0.000000" heading="-33.322881" imageComplexity="VERY_SPARSE" altitudeIsAgl="TRUE" snapToGround="TRUE" snapToNormal="FALSE">
		<LibraryObject name="{FC6152CE-F1CE-4651-9703-54DE41BE5354}" scale="1.350001"/>
	</SceneryObject>
	<!--SceneryObject name: Cone_Red-->
	<SceneryObject lat="-27.07740760079423" lon="152.98551254296174" alt="0.00000000000000" pitch="0.000000" bank="0.000000" heading="-88.326784" imageComplexity="VERY_SPARSE" altitudeIsAgl="TRUE" snapToGround="TRUE" snapToNormal="FALSE">
		<LibraryObject name="{FC6152CE-F1CE-4651-9703-54DE41BE5354}" scale="1.350001"/>
	</SceneryObject>
	<!--SceneryObject name: ConstructionDumpster_Blue_Empty-->
	<SceneryObject lat="-27.07843947191265" lon="152.98441053271421" alt="0.00000000000000" pitch="0.000000" bank="0.000000" heading="-14.424157" imageComplexity="VERY_SPARSE" altitudeIsAgl="TRUE" snapToGround="TRUE" snapToNormal="FALSE">
		<LibraryObject name="{97A0114E-AAD3-4AD3-870D-9732E363B4D8}" scale="0.790000"/>
	</SceneryObject>
	<!--SceneryObject name: ConstructionDumpster_Green_Full-->
	<SceneryObject lat="-27.07842118122230" lon="152.98440576964640" alt="0.00000000000000" pitch="0.000000" bank="0.000000" heading="-14.424157" imageComplexity="VERY_SPARSE" altitudeIsAgl="TRUE" snapToGround="TRUE" snapToNormal="FALSE">
		<LibraryObject name="{77DB2891-1C77-4060-8830-B5A3A3A7ABDF}" scale="0.790000"/>
	</SceneryObject>
	<!--SceneryObject name: Container01-->
	<SceneryObject lat="-27.07812316435379" lon="152.98550381327314" alt="0.00000000000000" pitch="0.000000" bank="0.000000" heading="-14.424157" imageComplexity="VERY_SPARSE" altitudeIsAgl="TRUE" snapToGround="TRUE" snapToNormal="FALSE">
		<LibraryObject name="{6CFC8DEE-869D-4460-BFB5-F5E12FE5EE9D}" scale="0.790000"/>
	</SceneryObject>
	<!--SceneryObject name: Container_Orange-->
	<SceneryObject lat="-27.07876084540640" lon="152.98743725952642" alt="0.00000000000000" pitch="0.000000" bank="0.000000" heading="99.021453" imageComplexity="VERY_SPARSE" altitudeIsAgl="TRUE" snapToGround="TRUE" snapToNormal="FALSE">
		<LibraryObject name="{950114DA-B1E1-4133-9149-4A92AD42FDEA}" scale="0.790000"/>
	</SceneryObject>
	<!--SceneryObject name: FenceMetallic_1m-->
	<SceneryObject lat="-27.07741256668118" lon="152.98569212996443" alt="0.00000000000000" pitch="0.000000" bank="0.000000" heading="163.957216" imageComplexity="VERY_SPARSE" altitudeIsAgl="TRUE" snapToGround="TRUE" snapToNormal="FALSE">
		<LibraryObject name="{C747BE4B-DA8E-4F99-A17A-50E6DFCF8F89}" scale="1.000000"/>
	</SceneryObject>
	<!--SceneryObject name: FenceMetallic_1m-->
	<SceneryObject lat="-27.07727953449952" lon="152.98566819881395" alt="0.00000000000000" pitch="0.000000" bank="0.000000" heading="73.429827" imageComplexity="VERY_SPARSE" altitudeIsAgl="TRUE" snapToGround="TRUE" snapToNormal="FALSE">
		<LibraryObject name="{C747BE4B-DA8E-4F99-A17A-50E6DFCF8F89}" scale="1.000000"/>
	</SceneryObject>
	<!--SceneryObject name: FenceMetallic_1m-->
	<SceneryObject lat="-27.07724270123190" lon="152.98565595742596" alt="0.00000000000000" pitch="0.000000" bank="0.000000" heading="73.429827" imageComplexity="VERY_SPARSE" altitudeIsAgl="TRUE" snapToGround="TRUE" snapToNormal="FALSE">
		<LibraryObject name="{C747BE4B-DA8E-4F99-A17A-50E6DFCF8F89}" scale="1.000000"/>
	</SceneryObject>
	<!--SceneryObject name: FenceMetallic_1m-->
	<SceneryObject lat="-27.07723109311577" lon="152.98549680031996" alt="0.00000000000000" pitch="0.001544" bank="-0.001544" heading="-13.156358" imageComplexity="VERY_SPARSE" altitudeIsAgl="TRUE" snapToGround="TRUE" snapToNormal="FALSE">
		<LibraryObject name="{C747BE4B-DA8E-4F99-A17A-50E6DFCF8F89}" scale="1.000000"/>
	</SceneryObject>
	<!--SceneryObject name: FenceMetallic_1m-->
	<SceneryObject lat="-27.07721632685334" lon="152.98564720267709" alt="0.00000000000000" pitch="0.000000" bank="0.000000" heading="73.429827" imageComplexity="VERY_SPARSE" altitudeIsAgl="TRUE" snapToGround="TRUE" snapToNormal="FALSE">
		<LibraryObject name="{C747BE4B-DA8E-4F99-A17A-50E6DFCF8F89}" scale="1.000000"/>
	</SceneryObject>
	<!--SceneryObject name: FenceMetallic_3m-->
	<SceneryObject lat="-27.07744386610956" lon="152.98557091252508" alt="0.00000000000000" pitch="0.000000" bank="0.000000" heading="163.957202" imageComplexity="VERY_SPARSE" altitudeIsAgl="TRUE" snapToGround="TRUE" snapToNormal="FALSE">
		<LibraryObject name="{8C70DAC4-BD05-47C4-A98E-0B93DB74B042}" scale="1.000000"/>
	</SceneryObject>
	<!--SceneryObject name: FenceMetallic_3m-->
	<SceneryObject lat="-27.07743047917890" lon="152.98554366048205" alt="0.00000000000000" pitch="0.000000" bank="0.000000" heading="73.429847" imageComplexity="VERY_SPARSE" altitudeIsAgl="TRUE" snapToGround="TRUE" snapToNormal="FALSE">
		<LibraryObject name="{8C70DAC4-BD05-47C4-A98E-0B93DB74B042}" scale="1.000000"/>
	</SceneryObject>
	<!--SceneryObject name: FenceMetallic_3m-->
	<SceneryObject lat="-27.07738933175311" lon="152.98570467492976" alt="0.00000000000000" pitch="0.000000" bank="0.000000" heading="73.429827" imageComplexity="VERY_SPARSE" altitudeIsAgl="TRUE" snapToGround="TRUE" snapToNormal="FALSE">
		<LibraryObject name="{8C70DAC4-BD05-47C4-A98E-0B93DB74B042}" scale="1.000000"/>
	</SceneryObject>
	<!--SceneryObject name: FenceMetallic_3m-->
	<SceneryObject lat="-27.07732446501540" lon="152.98550824720729" alt="0.00000000000000" pitch="0.000000" bank="0.000000" heading="73.247297" imageComplexity="VERY_SPARSE" altitudeIsAgl="TRUE" snapToGround="TRUE" snapToNormal="FALSE">
		<LibraryObject name="{8C70DAC4-BD05-47C4-A98E-0B93DB74B042}" scale="1.000000"/>
	</SceneryObject>
	<!--SceneryObject name: FenceMetallic_3m-->
	<SceneryObject lat="-27.07720446085646" lon="152.98561915766851" alt="0.00000000000000" pitch="0.000000" bank="0.000000" heading="-13.842294" imageComplexity="VERY_SPARSE" altitudeIsAgl="TRUE" snapToGround="TRUE" snapToNormal="FALSE">
		<LibraryObject name="{8C70DAC4-BD05-47C4-A98E-0B93DB74B042}" scale="1.000000"/>
	</SceneryObject>
	<!--SceneryObject name: FuelStation_Object08-->
	<SceneryObject lat="-27.07723892463475" lon="152.98561171466625" alt="0.00000000000000" pitch="0.000000" bank="0.000000" heading="-14.279931" imageComplexity="VERY_SPARSE" altitudeIsAgl="TRUE" snapToGround="TRUE" snapToNormal="FALSE">
		<LibraryObject name="{A9A8EDA8-A0A2-4391-8313-9DD0A8C340FC}" scale="1.000000"/>
	</SceneryObject>
	<!--SceneryObject name: FuelStation_Pack01-->
	<SceneryObject lat="-27.07733309026758" lon="152.98550334290255" alt="0.00000000000000" pitch="0.000000" bank="0.000000" heading="-107.099122" imageComplexity="VERY_SPARSE" altitudeIsAgl="TRUE" snapToGround="TRUE" snapToNormal="FALSE">
		<LibraryObject name="{26EFE6A1-6842-4996-96A5-D41E0F857E5E}" scale="1.000000"/>
	</SceneryObject>
	<!--SceneryObject name: Garbage_Container01_HIGH-->
	<SceneryObject lat="-27.07806237707540" lon="152.98572748222477" alt="0.00000000000000" pitch="0.000000" bank="0.000000" heading="156.317239" imageComplexity="VERY_SPARSE" altitudeIsAgl="TRUE" snapToGround="TRUE" snapToNormal="FALSE">
		<LibraryObject name="{6F46D535-7070-4029-8EF0-6F31FDD52CAF}" scale="0.890000"/>
	</SceneryObject>
	<!--SceneryObject name: Garbage_Container01_HIGH-->
	<SceneryObject lat="-27.07777780744962" lon="152.98716308896945" alt="0.00000000000000" pitch="0.000000" bank="0.000000" heading="170.068241" imageComplexity="VERY_SPARSE" altitudeIsAgl="TRUE" snapToGround="TRUE" snapToNormal="FALSE">
		<LibraryObject name="{6F46D535-7070-4029-8EF0-6F31FDD52CAF}" scale="0.890000"/>
	</SceneryObject>
	<!--SceneryObject name: Garbage_Container02_HIGH-->
	<SceneryObject lat="-27.07805249304649" lon="152.98574953653215" alt="0.00000000000000" pitch="0.000000" bank="0.000000" heading="170.068241" imageComplexity="VERY_SPARSE" altitudeIsAgl="TRUE" snapToGround="TRUE" snapToNormal="FALSE">
		<LibraryObject name="{C01E34C2-AA91-410A-B6A0-2A1B16FB2BA6}" scale="0.890000"/>
	</SceneryObject>
	<!--SceneryObject name: Garbage_Container02_HIGH-->
	<SceneryObject lat="-27.07778154855618" lon="152.98714062063812" alt="0.00000000000000" pitch="0.000000" bank="0.000000" heading="170.068241" imageComplexity="VERY_SPARSE" altitudeIsAgl="TRUE" snapToGround="TRUE" snapToNormal="FALSE">
		<LibraryObject name="{C01E34C2-AA91-410A-B6A0-2A1B16FB2BA6}" scale="0.890000"/>
	</SceneryObject>
	<!--SceneryObject name: Garbage_Container02_Middle-->
	<SceneryObject lat="-27.07848980543975" lon="152.98381592999638" alt="0.00000000000000" pitch="0.000000" bank="0.000000" heading="162.046812" imageComplexity="VERY_SPARSE" altitudeIsAgl="TRUE" snapToGround="TRUE" snapToNormal="FALSE">
		<LibraryObject name="{139D2492-1F5F-4E67-8DC2-BED2D5D852B2}" scale="0.850000"/>
	</SceneryObject>
	<!--SceneryObject name: Garbage_Container02_Middle-->
	<SceneryObject lat="-27.07831014189335" lon="152.98510970852755" alt="0.00000000000000" pitch="0.000000" bank="0.000000" heading="-114.301365" imageComplexity="VERY_SPARSE" altitudeIsAgl="TRUE" snapToGround="TRUE" snapToNormal="FALSE">
		<LibraryObject name="{139D2492-1F5F-4E67-8DC2-BED2D5D852B2}" scale="0.770000"/>
	</SceneryObject>
	<!--SceneryObject name: Garbage_Container04_Middle-->
	<SceneryObject lat="-27.07849365310083" lon="152.98380086757840" alt="0.00000000000000" pitch="0.000000" bank="0.000000" heading="162.046812" imageComplexity="VERY_SPARSE" altitudeIsAgl="TRUE" snapToGround="TRUE" snapToNormal="FALSE">
		<LibraryObject name="{B0F7FD7E-24BF-490E-8A4A-A115E4F76878}" scale="0.850000"/>
	</SceneryObject>
	<!--SceneryObject name: Gen_Hangar01-->
	<SceneryObject lat="-27.07767622402063" lon="152.98404030277510" alt="0.00000000000000" pitch="0.000014" bank="-0.000014" heading="75.999973" imageComplexity="VERY_SPARSE" altitudeIsAgl="TRUE" snapToGround="TRUE" snapToNormal="FALSE">
		<LibraryObject name="{65B40360-EADB-4927-82CB-A5AF526F5377}" scale="0.670000"/>
	</SceneryObject>
	<!--SceneryObject name: Gen_Hangar01-->
	<SceneryObject lat="-27.07767090024456" lon="152.98403838030842" alt="0.00000000000000" pitch="0.000000" bank="0.000000" heading="-104.145932" imageComplexity="VERY_SPARSE" altitudeIsAgl="TRUE" snapToGround="TRUE" snapToNormal="FALSE">
		<LibraryObject name="{65B40360-EADB-4927-82CB-A5AF526F5377}" scale="0.670000"/>
	</SceneryObject>
	<!--SceneryObject name: Gen_Hangar01-->
	<SceneryObject lat="-27.07766971825646" lon="152.98408016434175" alt="0.00000000000000" pitch="0.000000" bank="0.000000" heading="-103.661344" imageComplexity="VERY_SPARSE" altitudeIsAgl="TRUE" snapToGround="TRUE" snapToNormal="FALSE">
		<LibraryObject name="{65B40360-EADB-4927-82CB-A5AF526F5377}" scale="0.010000"/>
	</SceneryObject>
	<!--SceneryObject name: Gen_Hangar01-->
	<SceneryObject lat="-27.07764175389491" lon="152.98406268332926" alt="0.00000000000000" pitch="0.000000" bank="0.000000" heading="-103.661344" imageComplexity="VERY_SPARSE" altitudeIsAgl="TRUE" snapToGround="TRUE" snapToNormal="FALSE">
		<LibraryObject name="{65B40360-EADB-4927-82CB-A5AF526F5377}" scale="0.010000"/>
	</SceneryObject>
	<!--SceneryObject name: Gen_Hangar01-->
	<SceneryObject lat="-27.07761605958546" lon="152.98431768390193" alt="0.00000000000000" pitch="0.000027" bank="-0.000027" heading="75.999973" imageComplexity="VERY_SPARSE" altitudeIsAgl="TRUE" snapToGround="TRUE" snapToNormal="FALSE">
		<LibraryObject name="{65B40360-EADB-4927-82CB-A5AF526F5377}" scale="0.670000"/>
	</SceneryObject>
	<!--SceneryObject name: Gen_Hangar01-->
	<SceneryObject lat="-27.07761108581377" lon="152.98431503412593" alt="0.00000000000000" pitch="0.000000" bank="0.000000" heading="-104.145932" imageComplexity="VERY_SPARSE" altitudeIsAgl="TRUE" snapToGround="TRUE" snapToNormal="FALSE">
		<LibraryObject name="{65B40360-EADB-4927-82CB-A5AF526F5377}" scale="0.670000"/>
	</SceneryObject>
	<!--SceneryObject name: Gen_Hangar01-->
	<SceneryObject lat="-27.07755277945174" lon="152.98459855815210" alt="0.00000000000000" pitch="0.000014" bank="-0.000014" heading="75.999973" imageComplexity="VERY_SPARSE" altitudeIsAgl="TRUE" snapToGround="TRUE" snapToNormal="FALSE">
		<LibraryObject name="{65B40360-EADB-4927-82CB-A5AF526F5377}" scale="0.670000"/>
	</SceneryObject>
	<!--SceneryObject name: Gen_Hangar01-->
	<SceneryObject lat="-27.07754809169521" lon="152.98459688416685" alt="0.00000000000000" pitch="0.000000" bank="0.000000" heading="-104.145932" imageComplexity="VERY_SPARSE" altitudeIsAgl="TRUE" snapToGround="TRUE" snapToNormal="FALSE">
		<LibraryObject name="{65B40360-EADB-4927-82CB-A5AF526F5377}" scale="0.670000"/>
	</SceneryObject>
	<!--SceneryObject name: Gen_Hangar01-->
	<SceneryObject lat="-27.07749449710982" lon="152.98486895382007" alt="0.00000000000000" pitch="0.000027" bank="-0.000027" heading="75.999973" imageComplexity="VERY_SPARSE" altitudeIsAgl="TRUE" snapToGround="TRUE" snapToNormal="FALSE">
		<LibraryObject name="{65B40360-EADB-4927-82CB-A5AF526F5377}" scale="0.670000"/>
	</SceneryObject>
	<!--SceneryObject name: Gen_Hangar01-->
	<SceneryObject lat="-27.07748972044839" lon="152.98486686624881" alt="0.00000000000000" pitch="0.000000" bank="0.000000" heading="-104.145932" imageComplexity="VERY_SPARSE" altitudeIsAgl="TRUE" snapToGround="TRUE" snapToNormal="FALSE">
		<LibraryObject name="{65B40360-EADB-4927-82CB-A5AF526F5377}" scale="0.670000"/>
	</SceneryObject>
	<!--SceneryObject name: Gen_Hangar02-->
	<SceneryObject lat="-27.07823966220132" lon="152.98480868786885" alt="0.00000000000000" pitch="0.000000" bank="0.000000" heading="-13.671061" imageComplexity="VERY_SPARSE" altitudeIsAgl="TRUE" snapToGround="TRUE" snapToNormal="FALSE">
		<LibraryObject name="{9218816C-5828-4392-8C1A-E52B26681CE4}" scale="0.930000"/>
	</SceneryObject>
	<!--SceneryObject name: Gen_Hangar02-->
	<SceneryObject lat="-27.07812239303161" lon="152.98477739387656" alt="0.00000000000000" pitch="0.000000" bank="0.000000" heading="-13.671061" imageComplexity="VERY_SPARSE" altitudeIsAgl="TRUE" snapToGround="TRUE" snapToNormal="FALSE">
		<LibraryObject name="{9218816C-5828-4392-8C1A-E52B26681CE4}" scale="0.930000"/>
	</SceneryObject>
	<!--SceneryObject name: Gen_Hangar03-->
	<SceneryObject lat="-27.07784296188275" lon="152.98587894276676" alt="0.00000000000000" pitch="0.000000" bank="0.000000" heading="-13.842294" imageComplexity="VERY_SPARSE" altitudeIsAgl="TRUE" snapToGround="TRUE" snapToNormal="FALSE">
		<LibraryObject name="{08EF96F6-A791-4FBE-8416-92FB7913623C}" scale="0.890001"/>
	</SceneryObject>
	<!--SceneryObject name: Gen_Hangar04-->
	<SceneryObject lat="-27.07795385672714" lon="152.98557775361934" alt="0.00000000000000" pitch="0.000000" bank="0.000000" heading="-13.842294" imageComplexity="VERY_SPARSE" altitudeIsAgl="TRUE" snapToGround="TRUE" snapToNormal="FALSE">
		<LibraryObject name="{246AB855-9482-4239-B5EA-541CD0FAA515}" scale="1.010001"/>
	</SceneryObject>
	<!--SceneryObject name: Gen_Hangar05-->
	<SceneryObject lat="-27.07895603940538" lon="152.98791994018779" alt="0.00000000000000" pitch="0.000000" bank="0.000000" heading="-81.451276" imageComplexity="VERY_SPARSE" altitudeIsAgl="TRUE" snapToGround="TRUE" snapToNormal="FALSE">
		<LibraryObject name="{53E5648B-050D-44AD-A6B0-B1DC93ACED99}" scale="1.000000"/>
	</SceneryObject>
	<!--SceneryObject name: Gen_Hangar05-->
	<SceneryObject lat="-27.07895530735213" lon="152.98793257305726" alt="0.00000000000000" pitch="0.000000" bank="0.000000" heading="98.999999" imageComplexity="VERY_SPARSE" altitudeIsAgl="TRUE" snapToGround="TRUE" snapToNormal="FALSE">
		<LibraryObject name="{53E5648B-050D-44AD-A6B0-B1DC93ACED99}" scale="1.000000"/>
	</SceneryObject>
	<!--SceneryObject name: Gen_Hangar05-->
	<SceneryObject lat="-27.07871221469635" lon="152.98797485199205" alt="0.00000000000000" pitch="0.000000" bank="0.000000" heading="98.999999" imageComplexity="VERY_SPARSE" altitudeIsAgl="TRUE" snapToGround="TRUE" snapToNormal="FALSE">
		<LibraryObject name="{53E5648B-050D-44AD-A6B0-B1DC93ACED99}" scale="1.000000"/>
	</SceneryObject>
	<!--SceneryObject name: Gen_Hangar05-->
	<SceneryObject lat="-27.07871221133747" lon="152.98796062401848" alt="0.00000000000000" pitch="0.000000" bank="0.000000" heading="-81.451276" imageComplexity="VERY_SPARSE" altitudeIsAgl="TRUE" snapToGround="TRUE" snapToNormal="FALSE">
		<LibraryObject name="{53E5648B-050D-44AD-A6B0-B1DC93ACED99}" scale="1.000000"/>
	</SceneryObject>
	<!--SceneryObject name: Gen_Hangar06-->
	<SceneryObject lat="-27.07890269493118" lon="152.98743154923088" alt="0.00000000000000" pitch="0.000000" bank="0.000000" heading="-81.488924" imageComplexity="VERY_SPARSE" altitudeIsAgl="TRUE" snapToGround="TRUE" snapToNormal="FALSE">
		<LibraryObject name="{1B4E2631-D900-4035-9F77-8DBD93EB475B}" scale="0.770001"/>
	</SceneryObject>
	<!--SceneryObject name: Gen_Hangar06-->
	<SceneryObject lat="-27.07842649460335" lon="152.98802415072672" alt="0.00000000000000" pitch="0.000000" bank="0.000000" heading="-81.488924" imageComplexity="VERY_SPARSE" altitudeIsAgl="TRUE" snapToGround="TRUE" snapToNormal="FALSE">
		<LibraryObject name="{1B4E2631-D900-4035-9F77-8DBD93EB475B}" scale="0.770001"/>
	</SceneryObject>
	<!--SceneryObject name: Gen_Hangar06-->
	<SceneryObject lat="-27.07816935435086" lon="152.98806890414940" alt="0.00000000000000" pitch="0.000000" bank="0.000000" heading="-81.488924" imageComplexity="VERY_SPARSE" altitudeIsAgl="TRUE" snapToGround="TRUE" snapToNormal="FALSE">
		<LibraryObject name="{1B4E2631-D900-4035-9F77-8DBD93EB475B}" scale="0.770001"/>
	</SceneryObject>
	<!--SceneryObject name: Gen_Hangar06-->
	<SceneryObject lat="-27.07780797579241" lon="152.98618900294426" alt="0.00000000000000" pitch="0.000000" bank="0.000000" heading="-13.842294" imageComplexity="VERY_SPARSE" altitudeIsAgl="TRUE" snapToGround="TRUE" snapToNormal="FALSE">
		<LibraryObject name="{1B4E2631-D900-4035-9F77-8DBD93EB475B}" scale="0.770001"/>
	</SceneryObject>
	<!--SceneryObject name: Gen_Hangar100-->
	<SceneryObject lat="-27.07842946930910" lon="152.98751516248993" alt="0.00000000000000" pitch="0.000000" bank="0.000000" heading="-81.091257" imageComplexity="VERY_SPARSE" altitudeIsAgl="TRUE" snapToGround="TRUE" snapToNormal="FALSE">
		<LibraryObject name="{80605B39-9A33-46F8-8306-648415D102F9}" scale="1.410000"/>
	</SceneryObject>
	<!--SceneryObject name: Gen_Hangar100-->
	<SceneryObject lat="-27.07831868799916" lon="152.98753255820995" alt="0.00000000000000" pitch="0.000000" bank="0.000000" heading="-81.091257" imageComplexity="VERY_SPARSE" altitudeIsAgl="TRUE" snapToGround="TRUE" snapToNormal="FALSE">
		<LibraryObject name="{80605B39-9A33-46F8-8306-648415D102F9}" scale="1.410000"/>
	</SceneryObject>
	<!--SceneryObject name: Gen_Hangar125-->
	<SceneryObject lat="-27.07889827367074" lon="152.98954207345471" alt="0.00000000000000" pitch="0.000000" bank="0.000000" heading="8.494133" imageComplexity="VERY_SPARSE" altitudeIsAgl="TRUE" snapToGround="TRUE" snapToNormal="FALSE">
		<LibraryObject name="{E07B4A7E-A244-48EA-A090-BD2D5D162E1F}" scale="0.990000"/>
	</SceneryObject>
	<!--SceneryObject name: Gen_Hangar125-->
	<SceneryObject lat="-27.07883642401895" lon="152.98903399918979" alt="0.00000000000000" pitch="0.000000" bank="0.000000" heading="8.494133" imageComplexity="VERY_SPARSE" altitudeIsAgl="TRUE" snapToGround="TRUE" snapToNormal="FALSE">
		<LibraryObject name="{E07B4A7E-A244-48EA-A090-BD2D5D162E1F}" scale="0.990000"/>
	</SceneryObject>
	<!--SceneryObject name: Gen_Hangar125-->
	<SceneryObject lat="-27.07877227011154" lon="152.98848833163925" alt="0.00000000000000" pitch="0.000000" bank="0.000000" heading="8.494133" imageComplexity="VERY_SPARSE" altitudeIsAgl="TRUE" snapToGround="TRUE" snapToNormal="FALSE">
		<LibraryObject name="{E07B4A7E-A244-48EA-A090-BD2D5D162E1F}" scale="0.990000"/>
	</SceneryObject>
	<!--SceneryObject name: Gen_Hangar125-->
	<SceneryObject lat="-27.07876781111736" lon="152.98956310017181" alt="0.00000000000000" pitch="0.000000" bank="0.000000" heading="8.494133" imageComplexity="VERY_SPARSE" altitudeIsAgl="TRUE" snapToGround="TRUE" snapToNormal="FALSE">
		<LibraryObject name="{E07B4A7E-A244-48EA-A090-BD2D5D162E1F}" scale="0.990000"/>
	</SceneryObject>
	<!--SceneryObject name: Gen_Hangar125-->
	<SceneryObject lat="-27.07870342781229" lon="152.98905536931599" alt="0.00000000000000" pitch="0.000000" bank="0.000000" heading="8.494133" imageComplexity="VERY_SPARSE" altitudeIsAgl="TRUE" snapToGround="TRUE" snapToNormal="FALSE">
		<LibraryObject name="{E07B4A7E-A244-48EA-A090-BD2D5D162E1F}" scale="0.990000"/>
	</SceneryObject>
	<!--SceneryObject name: Gen_Hangar125-->
	<SceneryObject lat="-27.07850018255803" lon="152.98853261331953" alt="0.00000000000000" pitch="0.000000" bank="0.000000" heading="8.494133" imageComplexity="VERY_SPARSE" altitudeIsAgl="TRUE" snapToGround="TRUE" snapToNormal="FALSE">
		<LibraryObject name="{E07B4A7E-A244-48EA-A090-BD2D5D162E1F}" scale="0.990000"/>
	</SceneryObject>
	<!--SceneryObject name: Gen_Hangar125-->
	<SceneryObject lat="-27.07842600261791" lon="152.98910019564462" alt="0.00000000000000" pitch="0.000000" bank="0.000000" heading="8.494133" imageComplexity="VERY_SPARSE" altitudeIsAgl="TRUE" snapToGround="TRUE" snapToNormal="FALSE">
		<LibraryObject name="{E07B4A7E-A244-48EA-A090-BD2D5D162E1F}" scale="0.990000"/>
	</SceneryObject>
	<!--SceneryObject name: Gen_Hangar125-->
	<SceneryObject lat="-27.07822199861481" lon="152.98857751828206" alt="0.00000000000000" pitch="0.000000" bank="0.000000" heading="8.494133" imageComplexity="VERY_SPARSE" altitudeIsAgl="TRUE" snapToGround="TRUE" snapToNormal="FALSE">
		<LibraryObject name="{E07B4A7E-A244-48EA-A090-BD2D5D162E1F}" scale="0.990000"/>
	</SceneryObject>
	<!--SceneryObject name: Gen_Hangar139-->
	<SceneryObject lat="-27.07764528553019" lon="152.98707709418036" alt="0.00000000000000" pitch="0.001544" bank="-0.001544" heading="164.000000" imageComplexity="VERY_SPARSE" altitudeIsAgl="TRUE" snapToGround="TRUE" snapToNormal="FALSE">
		<LibraryObject name="{8E4081EB-2A03-4B1C-B97A-C3A60F99F0F8}" scale="0.710639"/>
	</SceneryObject>
	<!--SceneryObject name: Gen_Hangar151-->
	<SceneryObject lat="-27.07872072229678" lon="152.98610328489920" alt="0.00000000000000" pitch="0.000000" bank="0.000000" heading="-89.165592" imageComplexity="VERY_SPARSE" altitudeIsAgl="TRUE" snapToGround="TRUE" snapToNormal="FALSE">
		<LibraryObject name="{AF6911D5-01E4-46B3-B350-4260C3E78740}" scale="1.410000"/>
	</SceneryObject>
	<!--SceneryObject name: Gen_Hangar151-->
	<SceneryObject lat="-27.07870562744323" lon="152.98597470611935" alt="0.00000000000000" pitch="0.000000" bank="0.000000" heading="91.000004" imageComplexity="VERY_SPARSE" altitudeIsAgl="TRUE" snapToGround="TRUE" snapToNormal="FALSE">
		<LibraryObject name="{AF6911D5-01E4-46B3-B350-4260C3E78740}" scale="1.410000"/>
	</SceneryObject>
	<!--SceneryObject name: Gen_Hangar151-->
	<SceneryObject lat="-27.07845405662584" lon="152.98614112024117" alt="0.00000000000000" pitch="0.000000" bank="0.000000" heading="-89.165592" imageComplexity="VERY_SPARSE" altitudeIsAgl="TRUE" snapToGround="TRUE" snapToNormal="FALSE">
		<LibraryObject name="{AF6911D5-01E4-46B3-B350-4260C3E78740}" scale="1.410000"/>
	</SceneryObject>
	<!--SceneryObject name: Gen_Hangar151-->
	<SceneryObject lat="-27.07843923835734" lon="152.98601360903470" alt="0.00000000000000" pitch="0.000000" bank="0.000000" heading="91.000004" imageComplexity="VERY_SPARSE" altitudeIsAgl="TRUE" snapToGround="TRUE" snapToNormal="FALSE">
		<LibraryObject name="{AF6911D5-01E4-46B3-B350-4260C3E78740}" scale="1.410000"/>
	</SceneryObject>
	<!--SceneryObject name: Gen_Hangar166-->
	<SceneryObject lat="-27.07826715089546" lon="152.98423601199201" alt="0.00000000000000" pitch="0.000000" bank="0.000000" heading="-105.456202" imageComplexity="VERY_SPARSE" altitudeIsAgl="TRUE" snapToGround="TRUE" snapToNormal="FALSE">
		<LibraryObject name="{B1FCFDF1-8E32-4E50-ABD5-C653AA94FE0C}" scale="0.690000"/>
	</SceneryObject>
	<!--SceneryObject name: Gen_Hangar186-->
	<SceneryObject lat="-27.07870364530294" lon="152.98751468679254" alt="0.00000000000000" pitch="0.000000" bank="0.000000" heading="-172.198850" imageComplexity="VERY_SPARSE" altitudeIsAgl="TRUE" snapToGround="TRUE" snapToNormal="FALSE">
		<LibraryObject name="{AB5CC711-AC3B-440E-9EC4-95556137B3B7}" scale="0.590001"/>
	</SceneryObject>
	<!--SceneryObject name: Gen_Hangar186-->
	<SceneryObject lat="-27.07868931210343" lon="152.98740079678467" alt="0.00000000000000" pitch="0.000000" bank="0.000000" heading="-172.198850" imageComplexity="VERY_SPARSE" altitudeIsAgl="TRUE" snapToGround="TRUE" snapToNormal="FALSE">
		<LibraryObject name="{AB5CC711-AC3B-440E-9EC4-95556137B3B7}" scale="0.590001"/>
	</SceneryObject>
	<!--SceneryObject name: Gen_Hangar186-->
	<SceneryObject lat="-27.07858100964880" lon="152.98753324662536" alt="0.00000000000000" pitch="0.000000" bank="0.000000" heading="-172.198850" imageComplexity="VERY_SPARSE" altitudeIsAgl="TRUE" snapToGround="TRUE" snapToNormal="FALSE">
		<LibraryObject name="{AB5CC711-AC3B-440E-9EC4-95556137B3B7}" scale="0.590001"/>
	</SceneryObject>
	<!--SceneryObject name: Gen_Hangar186-->
	<SceneryObject lat="-27.07856673822160" lon="152.98742105374996" alt="0.00000000000000" pitch="0.000000" bank="0.000000" heading="-172.198850" imageComplexity="VERY_SPARSE" altitudeIsAgl="TRUE" snapToGround="TRUE" snapToNormal="FALSE">
		<LibraryObject name="{AB5CC711-AC3B-440E-9EC4-95556137B3B7}" scale="0.590001"/>
	</SceneryObject>
	<!--SceneryObject name: Gen_Hangar186-->
	<SceneryObject lat="-27.07785284918590" lon="152.98349218936761" alt="0.00000000000000" pitch="0.000000" bank="0.000000" heading="74.999999" imageComplexity="VERY_SPARSE" altitudeIsAgl="TRUE" snapToGround="TRUE" snapToNormal="FALSE">
		<LibraryObject name="{AB5CC711-AC3B-440E-9EC4-95556137B3B7}" scale="0.700000"/>
	</SceneryObject>
	<!--SceneryObject name: Gen_Hangar186-->
	<SceneryObject lat="-27.07781399118666" lon="152.98365442527833" alt="0.00000000000000" pitch="0.000000" bank="0.000000" heading="74.999999" imageComplexity="VERY_SPARSE" altitudeIsAgl="TRUE" snapToGround="TRUE" snapToNormal="FALSE">
		<LibraryObject name="{AB5CC711-AC3B-440E-9EC4-95556137B3B7}" scale="0.700000"/>
	</SceneryObject>
	<!--SceneryObject name: Gen_Hangar186-->
	<SceneryObject lat="-27.07777547421549" lon="152.98381413509935" alt="0.00000000000000" pitch="0.000000" bank="0.000000" heading="74.999999" imageComplexity="VERY_SPARSE" altitudeIsAgl="TRUE" snapToGround="TRUE" snapToNormal="FALSE">
		<LibraryObject name="{AB5CC711-AC3B-440E-9EC4-95556137B3B7}" scale="0.700000"/>
	</SceneryObject>
	<!--SceneryObject name: Gen_Hangar186-->
	<SceneryObject lat="-27.07775199956389" lon="152.98346290567522" alt="0.00000000000000" pitch="0.000000" bank="0.000000" heading="-104.369594" imageComplexity="VERY_SPARSE" altitudeIsAgl="TRUE" snapToGround="TRUE" snapToNormal="FALSE">
		<LibraryObject name="{AB5CC711-AC3B-440E-9EC4-95556137B3B7}" scale="0.700000"/>
	</SceneryObject>
	<!--SceneryObject name: Gen_Hangar186-->
	<SceneryObject lat="-27.07771418884920" lon="152.98362485937088" alt="0.00000000000000" pitch="0.000000" bank="0.000000" heading="-104.369594" imageComplexity="VERY_SPARSE" altitudeIsAgl="TRUE" snapToGround="TRUE" snapToNormal="FALSE">
		<LibraryObject name="{AB5CC711-AC3B-440E-9EC4-95556137B3B7}" scale="0.700000"/>
	</SceneryObject>
	<!--SceneryObject name: Gen_Hangar186-->
	<SceneryObject lat="-27.07767782830954" lon="152.98378601250323" alt="0.00000000000000" pitch="0.000000" bank="0.000000" heading="-104.369594" imageComplexity="VERY_SPARSE" altitudeIsAgl="TRUE" snapToGround="TRUE" snapToNormal="FALSE">
		<LibraryObject name="{AB5CC711-AC3B-440E-9EC4-95556137B3B7}" scale="0.700000"/>
	</SceneryObject>
	<!--SceneryObject name: Gen_Hangar68-->
	<SceneryObject lat="-27.07819450344137" lon="152.98516366366243" alt="0.00000000000000" pitch="0.000000" bank="0.000000" heading="-104.310301" imageComplexity="VERY_SPARSE" altitudeIsAgl="TRUE" snapToGround="TRUE" snapToNormal="FALSE">
		<LibraryObject name="{1AA55340-3230-4D65-9B68-8293FA9C2429}" scale="0.810000"/>
	</SceneryObject>
	<!--SceneryObject name: Gen_Hangar68-->
	<SceneryObject lat="-27.07805466982833" lon="152.98512363346123" alt="0.00000000000000" pitch="0.000000" bank="0.000000" heading="-104.310301" imageComplexity="VERY_SPARSE" altitudeIsAgl="TRUE" snapToGround="TRUE" snapToNormal="FALSE">
		<LibraryObject name="{1AA55340-3230-4D65-9B68-8293FA9C2429}" scale="0.810000"/>
	</SceneryObject>
	<!--SceneryObject name: Gen_Hangar70-->
	<SceneryObject lat="-27.07870418956059" lon="152.98700241810383" alt="0.00000000000000" pitch="0.000000" bank="0.000000" heading="115.999999" imageComplexity="VERY_SPARSE" altitudeIsAgl="TRUE" snapToGround="TRUE" snapToNormal="FALSE">
		<LibraryObject name="{514A025F-383C-42FE-96DC-308AB2534E1B}" scale="1.010000"/>
	</SceneryObject>
	<!--SceneryObject name: Gen_Hangar70-->
	<SceneryObject lat="-27.07868433088495" lon="152.98688492258793" alt="0.00000000000000" pitch="0.000000" bank="0.000000" heading="-64.203300" imageComplexity="VERY_SPARSE" altitudeIsAgl="TRUE" snapToGround="TRUE" snapToNormal="FALSE">
		<LibraryObject name="{514A025F-383C-42FE-96DC-308AB2534E1B}" scale="1.010000"/>
	</SceneryObject>
	<!--SceneryObject name: Gen_Hangar87-->
	<SceneryObject lat="-27.07824592649557" lon="152.98618388367530" alt="0.00000000000000" pitch="0.000000" bank="0.000000" heading="99.785778" imageComplexity="VERY_SPARSE" altitudeIsAgl="TRUE" snapToGround="TRUE" snapToNormal="FALSE">
		<LibraryObject name="{EF3EBC93-FC17-4FD7-AA9E-992ED435BBE7}" scale="0.690002"/>
	</SceneryObject>
	<!--SceneryObject name: LoaderCab-->
	<SceneryObject lat="-27.07840714726450" lon="152.98407973233540" alt="0.00000000000000" pitch="0.000000" bank="0.000000" heading="162.046812" imageComplexity="VERY_SPARSE" altitudeIsAgl="TRUE" snapToGround="TRUE" snapToNormal="FALSE">
		<LibraryObject name="{30FCC660-7054-41B3-B1D1-1F502F07F4D2}" scale="0.850000"/>
	</SceneryObject>
	<!--SceneryObject name: PickUp01_White-->
	<SceneryObject lat="-27.07821146784211" lon="152.98400781338617" alt="0.00000000000000" pitch="0.000000" bank="0.000000" heading="74.957303" imageComplexity="VERY_SPARSE" altitudeIsAgl="TRUE" snapToGround="TRUE" snapToNormal="FALSE">
		<LibraryObject name="{2AA89D37-8B27-43AA-89B9-62E23EAEED98}" scale="0.850000"/>
	</SceneryObject>
	<!--SceneryObject name: Shrub01-->
	<SceneryObject lat="-27.07790677921220" lon="152.98340515452597" alt="0.00000000000000" pitch="0.000000" bank="0.000000" heading="-135.891121" imageComplexity="VERY_SPARSE" altitudeIsAgl="TRUE" snapToGround="TRUE" snapToNormal="FALSE">
		<LibraryObject name="{5FB79F07-2207-45C7-87D6-F1156824259C}" scale="0.850000"/>
	</SceneryObject>
	<!--SceneryObject name: Shrub01-->
	<SceneryObject lat="-27.07780063020360" lon="152.98337826821646" alt="0.00000000000000" pitch="0.000000" bank="0.000000" heading="-135.891121" imageComplexity="VERY_SPARSE" altitudeIsAgl="TRUE" snapToGround="TRUE" snapToNormal="FALSE">
		<LibraryObject name="{5FB79F07-2207-45C7-87D6-F1156824259C}" scale="0.850000"/>
	</SceneryObject>
	<!--SceneryObject name: Shrub02-->
	<SceneryObject lat="-27.07788194157547" lon="152.98339612672692" alt="0.00000000000000" pitch="0.000000" bank="0.000000" heading="-135.891121" imageComplexity="VERY_SPARSE" altitudeIsAgl="TRUE" snapToGround="TRUE" snapToNormal="FALSE">
		<LibraryObject name="{104B802E-9229-48F8-A4CD-FAC6AD213532}" scale="0.850000"/>
	</SceneryObject>
	<!--SceneryObject name: Shrub02-->
	<SceneryObject lat="-27.07776511463920" lon="152.98336392604227" alt="0.00000000000000" pitch="0.000000" bank="0.000000" heading="-135.891121" imageComplexity="VERY_SPARSE" altitudeIsAgl="TRUE" snapToGround="TRUE" snapToNormal="FALSE">
		<LibraryObject name="{104B802E-9229-48F8-A4CD-FAC6AD213532}" scale="0.850000"/>
	</SceneryObject>
	<!--SceneryObject name: Shrub03-->
	<SceneryObject lat="-27.07785259277236" lon="152.98338882808895" alt="0.00000000000000" pitch="0.000000" bank="0.000000" heading="139.311134" imageComplexity="VERY_SPARSE" altitudeIsAgl="TRUE" snapToGround="TRUE" snapToNormal="FALSE">
		<LibraryObject name="{2188A366-9140-4501-87F0-5B4F348101D3}" scale="0.850000"/>
	</SceneryObject>
	<!--SceneryObject name: Shrub03-->
	<SceneryObject lat="-27.07772515844032" lon="152.98336449272213" alt="0.00000000000000" pitch="0.000000" bank="0.000000" heading="139.311134" imageComplexity="VERY_SPARSE" altitudeIsAgl="TRUE" snapToGround="TRUE" snapToNormal="FALSE">
		<LibraryObject name="{2188A366-9140-4501-87F0-5B4F348101D3}" scale="0.850000"/>
	</SceneryObject>
	<!--SceneryObject name: Shrub04-->
	<SceneryObject lat="-27.07778954655635" lon="152.98336133711797" alt="0.00000000000000" pitch="0.000000" bank="0.000000" heading="69.410322" imageComplexity="VERY_SPARSE" altitudeIsAgl="TRUE" snapToGround="TRUE" snapToNormal="FALSE">
		<LibraryObject name="{DEC67D4A-F481-445D-8A48-7D02CF1263A7}" scale="0.370000"/>
	</SceneryObject>
	<SceneryObject lat="-27.07789759508367" lon="152.97679676000476" alt="0.00000000000000" pitch="0.000000" bank="0.000000" heading="-179.999995" imageComplexity="VERY_SPARSE" altitudeIsAgl="TRUE" snapToGround="TRUE" snapToNormal="FALSE">
		<SimObject containerTitle="Windsock" scale="1.000000"/>
	</SceneryObject>
	<SceneryObject lat="-27.07692129707081" lon="152.98716669683469" alt="0.00000000000000" pitch="0.000000" bank="0.000000" heading="-179.999995" imageComplexity="VERY_SPARSE" altitudeIsAgl="TRUE" snapToGround="TRUE" snapToNormal="FALSE">
		<SimObject containerTitle="Windsock" scale="1.000000"/>
	</SceneryObject>
	<SceneryObject lat="-27.07028539280936" lon="152.97808674371245" alt="0.00000000000000" pitch="0.000000" bank="0.000000" heading="-179.999995" imageComplexity="VERY_SPARSE" altitudeIsAgl="TRUE" snapToGround="TRUE" snapToNormal="FALSE">
		<SimObject containerTitle="Windsock" scale="1.000000"/>
	</SceneryObject>
	<!--SceneryObject name: SportCar01_Black-->
	<SceneryObject lat="-27.07823004911306" lon="152.98401552855142" alt="0.00000000000000" pitch="0.000000" bank="0.000000" heading="-104.951369" imageComplexity="VERY_SPARSE" altitudeIsAgl="TRUE" snapToGround="TRUE" snapToNormal="FALSE">
		<LibraryObject name="{66D1336C-ED65-4738-A639-34EA0A427EC0}" scale="0.870000"/>
	</SceneryObject>
	<!--SceneryObject name: Traffic_Car01_Black-->
	<SceneryObject lat="-27.07824666758338" lon="152.98402145292224" alt="0.00000000000000" pitch="0.000000" bank="0.000000" heading="-98.075909" imageComplexity="VERY_SPARSE" altitudeIsAgl="TRUE" snapToGround="TRUE" snapToNormal="FALSE">
		<LibraryObject name="{08546166-D7AF-4BFC-9197-A8D98EFD2BE7}" scale="0.770000"/>
	</SceneryObject>
	<!--SceneryObject name: Traffic_Car02_Red-->
	<SceneryObject lat="-27.07828504613911" lon="152.98403842408277" alt="0.00000000000000" pitch="0.000000" bank="0.000000" heading="71.519655" imageComplexity="VERY_SPARSE" altitudeIsAgl="TRUE" snapToGround="TRUE" snapToNormal="FALSE">
		<LibraryObject name="{A9F2D52F-4390-4ED7-BD68-A2CE9532F542}" scale="0.690000"/>
	</SceneryObject>
	<!--SceneryObject name: Traffic_Car03_Blue-->
	<SceneryObject lat="-27.07826594277181" lon="152.98403341363149" alt="0.00000000000000" pitch="0.000000" bank="0.000000" heading="71.519655" imageComplexity="VERY_SPARSE" altitudeIsAgl="TRUE" snapToGround="TRUE" snapToNormal="FALSE">
		<LibraryObject name="{742023A9-B80F-451E-8593-485B2359201A}" scale="0.690000"/>
	</SceneryObject>
	<!--SceneryObject name: Tree_Palm01-->
	<SceneryObject lat="-27.07879742903377" lon="152.98655606896841" alt="0.00000000000000" pitch="0.000000" bank="0.000000" heading="74.999999" imageComplexity="VERY_SPARSE" altitudeIsAgl="TRUE" snapToGround="TRUE" snapToNormal="FALSE">
		<LibraryObject name="{97D8DB4F-21D3-4DE3-B66C-4FB8349E8F75}" scale="0.470000"/>
	</SceneryObject>
	<!--SceneryObject name: Tree_Palm01-->
	<SceneryObject lat="-27.07873812978029" lon="152.98639072205671" alt="0.00000000000000" pitch="0.000000" bank="0.000000" heading="72.343260" imageComplexity="VERY_SPARSE" altitudeIsAgl="TRUE" snapToGround="TRUE" snapToNormal="FALSE">
		<LibraryObject name="{97D8DB4F-21D3-4DE3-B66C-4FB8349E8F75}" scale="0.470000"/>
	</SceneryObject>
	<!--SceneryObject name: Tree_Palm01-->
	<SceneryObject lat="-27.07867057616255" lon="152.98657800117149" alt="0.00000000000000" pitch="0.000000" bank="0.000000" heading="-149.781991" imageComplexity="VERY_SPARSE" altitudeIsAgl="TRUE" snapToGround="TRUE" snapToNormal="FALSE">
		<LibraryObject name="{97D8DB4F-21D3-4DE3-B66C-4FB8349E8F75}" scale="0.470000"/>
	</SceneryObject>
	<!--SceneryObject name: Tree_Palm01-->
	<SceneryObject lat="-27.07858673561149" lon="152.98643552767157" alt="0.00000000000000" pitch="0.000000" bank="0.000000" heading="-29.643267" imageComplexity="VERY_SPARSE" altitudeIsAgl="TRUE" snapToGround="TRUE" snapToNormal="FALSE">
		<LibraryObject name="{97D8DB4F-21D3-4DE3-B66C-4FB8349E8F75}" scale="0.470000"/>
	</SceneryObject>
	<!--SceneryObject name: Tree_Palm01-->
	<SceneryObject lat="-27.07851206670222" lon="152.98661525158548" alt="0.00000000000000" pitch="0.000000" bank="0.000000" heading="179.278300" imageComplexity="VERY_SPARSE" altitudeIsAgl="TRUE" snapToGround="TRUE" snapToNormal="FALSE">
		<LibraryObject name="{97D8DB4F-21D3-4DE3-B66C-4FB8349E8F75}" scale="0.470000"/>
	</SceneryObject>
	<!--SceneryObject name: Tree_Palm01-->
	<SceneryObject lat="-27.07843604109078" lon="152.98643879745072" alt="0.00000000000000" pitch="0.000000" bank="0.000000" heading="-73.188113" imageComplexity="VERY_SPARSE" altitudeIsAgl="TRUE" snapToGround="TRUE" snapToNormal="FALSE">
		<LibraryObject name="{97D8DB4F-21D3-4DE3-B66C-4FB8349E8F75}" scale="0.470000"/>
	</SceneryObject>
	<!--SceneryObject name: Tree_Palm01-->
	<SceneryObject lat="-27.07838429771873" lon="152.98661695992735" alt="0.00000000000000" pitch="0.000000" bank="0.000000" heading="67.941982" imageComplexity="VERY_SPARSE" altitudeIsAgl="TRUE" snapToGround="TRUE" snapToNormal="FALSE">
		<LibraryObject name="{97D8DB4F-21D3-4DE3-B66C-4FB8349E8F75}" scale="0.470000"/>
	</SceneryObject>
	<Airport region="Caboolture" country="Australia" state="Queensland" city="Caboolture" name="Caboolture Aerodrome" ident="YCAB" lat="-27.07610738483036" lon="152.98512449183903" alt="-176.14057672303170" magvar="0.000000" trafficScalar="1.000000" airportTestRadius="2000.00000000000000" applyFlatten="FALSE" isOnTIN="FALSE" groundMergingTransfertBright="7.000000" groundMergingTransfertDark="7.000000">
		<TaxiwayParking index="3" type="RAMP_GA_MEDIUM" lat="-27.07788650777970" lon="152.98215692580905" heading="180.000000" radius="14.000000" name="NONE" number="4" suffix="NONE" pushBack="NONE" numberMarking="FALSE" numberBiasX="0.000000" numberBiasZ="0.000000" numberHeading="0.000000"/>
		<TaxiwayParking index="1" type="RAMP_GA_SMALL" lat="-27.07790019332222" lon="152.98313517714772" heading="180.000000" radius="5.000000" name="NONE" number="2" suffix="NONE" pushBack="NONE" numberMarking="FALSE" numberBiasX="0.000000" numberBiasZ="0.000000" numberHeading="0.000000"/>
		<TaxiwayParking index="2" type="RAMP_GA_SMALL" lat="-27.07776880702891" lon="152.98259701755578" heading="180.000000" radius="5.000000" name="NONE" number="3" suffix="NONE" pushBack="NONE" numberMarking="FALSE" numberBiasX="0.000000" numberBiasZ="0.000000" numberHeading="0.000000"/>
		<TaxiName index="0" name=""/>
		<Runway lat="-27.07604729256461" lon="152.98704567237525" alt="5.04070696886629" heading="76.00000000000000" length="810.58367919921875" width="24.00000000000000" patternAltitude="304.79998779296875" surface="{C2F72DA3-851D-466D-A492-E261E5435395}" transparent="TRUE" number="06" designator="NONE" primaryLanding="TRUE" primaryTakeoff="TRUE" primaryPattern="LEFT" secondaryLanding="TRUE" secondaryTakeoff="TRUE" secondaryPattern="LEFT" primaryMarkingBias="0.00000000000000" secondaryMarkingBias="0.00000000000000" groundMerging="TRUE" excludeVegetationAround="TRUE">
			<Markings edges="FALSE" threshold="FALSE" alternateThreshold="FALSE" fixedDistance="FALSE" alternateFixedDistance="FALSE" touchdown="FALSE" alternateTouchdown="FALSE" dashes="FALSE" ident="FALSE" leadingZeroIdent="FALSE" precision="FALSE" alternatePrecision="FALSE" edgePavement="FALSE" singleEnd="FALSE" primaryClosed="FALSE" secondaryClosed="FALSE" primaryStol="FALSE" secondaryStol="FALSE" noThresholdEndArrows="FALSE"/>
			<Lights center="NONE" edge="NONE"/>
			<RunwayStart end="PRIMARY" lat="-27.07519572371246" lon="152.99083967049683" alt="5.04278101120144" heading="-103.00000762939453"/>
			<RunwayStart end="SECONDARY" lat="-27.07692511344418" lon="152.98312777963960" alt="5.04035629518330" heading="76.99999237060547"/>
		</Runway>
		<Runway lat="-27.07477448752299" lon="152.98536266456642" alt="6.38847785908729" heading="124.50000000000000" length="1208.00000000000000" width="50.00000000000000" patternAltitude="304.79998779296875" surface="{2E0DE83F-B79A-4435-905C-DCBBEAC55C59}" transparent="TRUE" number="12" designator="NONE" primaryLanding="TRUE" primaryTakeoff="TRUE" primaryPattern="LEFT" secondaryLanding="TRUE" secondaryTakeoff="TRUE" secondaryPattern="LEFT" primaryMarkingBias="0.00000000000000" secondaryMarkingBias="0.00000000000000" groundMerging="TRUE" excludeVegetationAround="TRUE">
			<Markings edges="FALSE" threshold="FALSE" alternateThreshold="FALSE" fixedDistance="FALSE" alternateFixedDistance="FALSE" touchdown="FALSE" alternateTouchdown="FALSE" dashes="FALSE" ident="TRUE" leadingZeroIdent="FALSE" precision="FALSE" alternatePrecision="FALSE" edgePavement="FALSE" singleEnd="FALSE" primaryClosed="FALSE" secondaryClosed="FALSE" primaryStol="FALSE" secondaryStol="FALSE" noThresholdEndArrows="FALSE"/>
			<Lights center="NONE" edge="NONE"/>
			<RunwayStart end="PRIMARY" lat="-27.07183013928586" lon="152.98066538764445" alt="6.37479672674090" heading="124.00000762939453"/>
			<RunwayStart end="SECONDARY" lat="-27.07786356595320" lon="152.99036660093671" alt="6.40585012640804" heading="-56.00000000000000"/>
		</Runway>
		<Aprons/>
		<PaintedElements/>
		<ApronEdgeLights/>
		<DeleteAirport deleteAllApproaches="TRUE" deleteAllApronLights="TRUE" deleteAllAprons="FALSE" deleteAllFrequencies="FALSE" deleteAllHelipads="FALSE" deleteAllRunways="TRUE" deleteAllStarts="TRUE" deleteAllTaxiways="FALSE" deleteAllBlastFences="FALSE" deleteAllBoundaryFences="FALSE" deleteAllJetways="FALSE" deleteAllControlTowers="FALSE" deleteAllDepartures="FALSE" deleteAllArrivals="FALSE" deleteAllPaintedElements="FALSE" deleteAllLightSupports="FALSE" deleteAllTaxiwaySigns="TRUE" deleteAllILSs="FALSE" deleteAllTerminalWaypoints="FALSE" deleteAllTerminalNDBs="FALSE"/>
	</Airport>
</FSData>

