<AssetPackage Name="ycab" Version="0.1.0">
	<ItemSettings>
		<ContentType>SCENERY</ContentType>
		<Title/>
		<Manufacturer/>
		<Creator>mewsik</Creator>
	</ItemSettings>
	<Flags>
		<VisibleInStore>false</VisibleInStore>
		<CanBeReferenced>false</CanBeReferenced>
	</Flags>
	<AssetGroups>
		<AssetGroup Name="ContentInfo">
			<Type>Copy</Type>
			<Flags>
				<FSXCompatibility>false</FSXCompatibility>
			</Flags>
			<AssetDir>PackageDefinitions\ycab\ContentInfo\</AssetDir>
			<OutputDir>ContentInfo\ycab\</OutputDir>
		</AssetGroup>
		<AssetGroup Name="YCAB">
			<Type>BGL</Type>
			<Flags>
				<FSXCompatibility>false</FSXCompatibility>
			</Flags>
			<AssetDir>PackageSources\scene\</AssetDir>
			<OutputDir>scenery/world/scenery\</OutputDir>
		</AssetGroup>
		<AssetGroup Name="mymodellib">
			<Type>ArtProj</Type>
			<Flags>
				<FSXCompatibility>false</FSXCompatibility>
			</Flags>
			<AssetDir>PackageSources\modelLib\</AssetDir>
			<OutputDir>scenery/global/scenery\</OutputDir>
		</AssetGroup>
	</AssetGroups>
</AssetPackage>

