<Timestamps>
	<Entry Path="G:\MSCommunity Build\YCAB_Scenery\Packages\ycab\scenery\global\scenery\TEXTURE\TILE_METAL_GALVA_NORMAL.PNG.DDS.json" Timestamp="13243681872" NbSourceFile="1"/>
	<Entry Path="G:\MSCommunity Build\YCAB_Scenery\_PackageInt\_tempFiles\ycab\mymodellib\Light_Sample\Light_Sample_LOD2.bin" Timestamp="13243681873" NbSourceFile="2"/>
	<Entry Path="G:\MSCommunity Build\YCAB_Scenery\_PackageInt\_tempFiles\ycab\mymodellib\Light_Sample\Light_Sample_LOD2.gltf" Timestamp="13243681873" NbSourceFile="2"/>
	<Entry Path="G:\MSCommunity Build\YCAB_Scenery\Packages\ycab\scenery\global\scenery\TEXTURE\TILE_METAL_GALVA_COMP.PNG.DDS" Timestamp="13243681872" NbSourceFile="1"/>
	<Entry Path="G:\MSCommunity Build\YCAB_Scenery\_PackageInt\_tempFiles\ycab\mymodellib\Light_Sample\Light_Sample.xml" Timestamp="13239865778" NbSourceFile="1"/>
	<Entry Path="G:\MSCommunity Build\YCAB_Scenery\Packages\ycab\scenery\global\scenery\TEXTURE\AIRPORT_LIGHTS_NORMAL.PNG.DDS" Timestamp="13243681873" NbSourceFile="1"/>
	<Entry Path="G:\MSCommunity Build\YCAB_Scenery\_PackageInt\_tempFiles\ycab\mymodellib\Light_Sample\Light_Sample_LOD0.bin" Timestamp="13243681873" NbSourceFile="2"/>
	<Entry Path="G:\MSCommunity Build\YCAB_Scenery\Packages\ycab\scenery\global\scenery\TEXTURE\AIRPORT_LIGHTS_EMISSIVE.PNG.DDS.json" Timestamp="13243681872" NbSourceFile="1"/>
	<Entry Path="G:\MSCommunity Build\YCAB_Scenery\_PackageInt\_tempFiles\ycab\mymodellib\Light_Sample\Light_Sample_LOD1.gltf" Timestamp="13243681873" NbSourceFile="2"/>
	<Entry Path="G:\MSCommunity Build\YCAB_Scenery\Packages\ycab\scenery\global\scenery\TEXTURE\TEST_CHECKER.PNG.DDS.json" Timestamp="13243681873" NbSourceFile="1"/>
	<Entry Path="G:\MSCommunity Build\YCAB_Scenery\Packages\ycab\scenery\global\scenery\TEXTURE\AIRPORT_LIGHTS_ALBEDO.PNG.DDS" Timestamp="13243681872" NbSourceFile="1"/>
	<Entry Path="G:\MSCommunity Build\YCAB_Scenery\Packages\ycab\scenery\global\scenery\TEXTURE\AIRPORT_LIGHTS_EMISSIVE.PNG.DDS" Timestamp="13243681872" NbSourceFile="1"/>
	<Entry Path="G:\MSCommunity Build\YCAB_Scenery\Packages\ycab\scenery\global\scenery\TEXTURE\TILE_METAL_GALVA_NORMAL.PNG.DDS" Timestamp="13243681872" NbSourceFile="1"/>
	<Entry Path="G:\MSCommunity Build\YCAB_Scenery\Packages\ycab\scenery\global\scenery\TEXTURE\TILE_METAL_GALVA_ALBEDO.PNG.DDS" Timestamp="13243681872" NbSourceFile="1"/>
	<Entry Path="G:\MSCommunity Build\YCAB_Scenery\Packages\ycab\scenery\global\scenery\TEXTURE\TEST_CHECKER.PNG.DDS" Timestamp="13243681873" NbSourceFile="1"/>
	<Entry Path="G:\MSCommunity Build\YCAB_Scenery\Packages\ycab\scenery\global\scenery\TEXTURE\AIRPORT_LIGHTS_ALBEDO.PNG.DDS.json" Timestamp="13243681872" NbSourceFile="1"/>
	<Entry Path="G:\MSCommunity Build\YCAB_Scenery\Packages\ycab\scenery\global\scenery\TEXTURE\AIRPORT_LIGHTS_NORMAL.PNG.DDS.json" Timestamp="13243681873" NbSourceFile="1"/>
	<Entry Path="G:\MSCommunity Build\YCAB_Scenery\_PackageInt\_tempFiles\ycab\mymodellib\SampleMyBox\SampleMyBox.bin" Timestamp="13243681873" NbSourceFile="2"/>
	<Entry Path="G:\MSCommunity Build\YCAB_Scenery\Packages\ycab\scenery\global\scenery\TEXTURE\AIRPORT_LIGHTS_COMP.PNG.DDS.json" Timestamp="13243681873" NbSourceFile="1"/>
	<Entry Path="G:\MSCommunity Build\YCAB_Scenery\Packages\ycab\scenery\global\scenery\TEXTURE\AIRPORT_LIGHTS_COMP.PNG.DDS" Timestamp="13243681873" NbSourceFile="1"/>
	<Entry Path="G:\MSCommunity Build\YCAB_Scenery\_PackageInt\_tempFiles\ycab\mymodellib\Light_Sample\Light_Sample_LOD0.gltf" Timestamp="13243681873" NbSourceFile="2"/>
	<Entry Path="G:\MSCommunity Build\YCAB_Scenery\_PackageInt\_tempFiles\ycab\mymodellib\SampleMyBox\SampleMyBox.xml" Timestamp="13239865778" NbSourceFile="1"/>
	<Entry Path="G:\MSCommunity Build\YCAB_Scenery\_PackageInt\_tempFiles\ycab\mymodellib\SampleMyBox\SampleMyBox.gltf" Timestamp="13243681873" NbSourceFile="2"/>
	<Entry Path="G:\MSCommunity Build\YCAB_Scenery\_PackageInt\_tempFiles\ycab\mymodellib\Light_Sample\Light_Sample_LOD1.bin" Timestamp="13243681873" NbSourceFile="2"/>
	<Entry Path="G:\MSCommunity Build\YCAB_Scenery\Packages\ycab\scenery\global\scenery\TEXTURE\TILE_METAL_GALVA_ALBEDO.PNG.DDS.json" Timestamp="13243681872" NbSourceFile="1"/>
	<Entry Path="G:\MSCommunity Build\YCAB_Scenery\Packages\ycab\scenery\global\scenery\modelLib.BGL" Timestamp="13244871370" NbSourceFile="0"/>
	<Entry Path="G:\MSCommunity Build\YCAB_Scenery\Packages\ycab\scenery\global\scenery\TEXTURE\TILE_METAL_GALVA_COMP.PNG.DDS.json" Timestamp="13243681872" NbSourceFile="1"/>
</Timestamps>

